blue,brightness,green,greenness,landcover,latitude,longitude,nbr,ndmi,ndvi,nir,red,swir1,swir2,wetness
170,562.7431,414,-160.7082,1,40.56247653,-105.0268147,0.26739928,0.18900344,-0.16826923,173,243,118,100,71.4377
429,1581.4117,607,-181.1669,1,39.75532103,-105.1385653,-0.1357191,-0.16720885,0.028938906,640,604,897,841,-667.7355
927,4490.6099,1592,165.4593,1,40.18760208,-105.0305431,0.2850217,0.05598658,0.12561466,2518,1956,2251,1401,-968.7912
244,702.9588,451,-195.5887,1,40.40473625,-104.0764157,0.22702703,0.16709511,-0.19787987,227,339,162,143,65.1863
857,4274.4383,1387,79.3796,1,40.20578488,-104.7844963,0.058907703,-0.07730673,0.15085536,2220,1638,2592,1973,-1740.8555
130,387.2879,234,-118.9716,1,40.27498332,-104.1438167,0.025906736,-0.06603774,-0.25,99,165,113,94,2.8757
1177,5182.9695,1513,9.5139,1,40.35243108,-103.9944649,-0.05740842,-0.11890971,0.1516366,2586,1905,3284,2901,-2594.9401
768,1469.1887,1352,-906.7712,1,40.38456123,-105.1356049,0.28695652,0.17928287,-0.72968036,148,947,103,82,528.9821
646,1146.3992,975,-617.3281,1,40.07387334,-105.2215376,0.13993174,0.070512824,-0.5911873,167,650,145,126,298.8198
106,319.3498,206,-115.0017,1,40.34550357,-104.2580802,0.07936508,-0.035460994,-0.35545024,68,143,73,58,32.7186
261,589.6923,433,-290.7411,1,40.57058464,-105.0264635,-0.016393442,-0.1,-0.5744681,90,333,110,93,103.5979
316,723.7351,510,-289.3343,1,41.15582679,-104.8268242,0.028571429,-0.021148037,-0.3816794,162,362,169,153,65.9479
213,521.3308,285,-121.7215,1,40.32821134,-105.2213076,0.062893085,-0.014577259,-0.09866667,169,206,174,149,-33.9419
1488,7143.6818,2100,8.6482,1,40.78943308,-105.1243353,-0.04200323,-0.13049853,0.13619672,3558,2705,4626,3870,-3547.0358
395,813.9757,781,-531.0869,1,40.22402503,-105.1268217,-0.2631579,-0.2293578,-0.84299064,42,493,67,72,266.0054
215,570.5393,368,-155.9228,1,39.94732764,-104.7544053,0.16065574,0.09259259,-0.1591449,177,244,147,128,27.2911
304,587.7486,467,-237.9629,1,40.85246622,-105.027999,0.13122173,0.028806584,-0.32795697,125,247,118,96,83.104
287,813.8508,586,-344.2626,1,40.77300306,-105.0510728,0.053892214,0.014409222,-0.44391784,176,457,171,158,108.8741
590,3453.7332,929,127.1326,1,40.32177669,-103.9218266,-0.051919956,-0.17252773,0.19740437,1753,1175,2484,1945,-1977.0891
692,3478.3238,981,209.1902,1,40.41612722,-104.604547,0.022621969,-0.0993759,0.22574322,1876,1185,2290,1793,-1717.4995
974,4601.9655,1288,124.1116,1,39.785211,-105.2136019,0.002132196,-0.14529915,0.17031872,2350,1666,3149,2340,-2326.9264
253,529.4034,466,-266.122,1,40.54382523,-104.9630367,-0.013888889,-0.101265825,-0.5477707,71,243,87,73,106.0436
99,311.6882,202,-111.8406,1,40.26882013,-104.1887045,-0.06666667,-0.13103448,-0.34375,63,129,82,72,11.8719
962,4954.4125,1422,71.1039,1,40.2795901,-104.6762757,-0.06611879,-0.12785627,0.16740602,2500,1783,3233,2854,-2610.469
365,1668.702,708,-192.1094,1,40.35675892,-104.7306682,0.17310664,0.10239651,-0.06411837,759,863,618,535,-173.327
371,1537.4374,584,-138.0522,1,40.30709542,-104.2535582,0.05263158,-0.07420014,7.36E-04,680,679,789,612,-431.3911
155,431.9134,255,-129.5003,1,40.35491466,-104.2505581,0.035714287,-0.041322313,-0.23684211,116,188,126,108,0.787
287,579.1389,386,-183.5399,1,40.37651678,-104.9398038,-0.108359136,-0.18413597,-0.15789473,144,198,209,179,-58.3695
324,1350.9849,657,-191.1121,1,39.63530379,-104.8610918,0.15445544,0.1115348,-0.06043513,583,658,466,427,-109.7107
372,1034.2363,641,-373.7055,1,40.5288077,-104.5266698,0.27114967,0.18864097,-0.3692142,293,636,200,168,172.4368
475,1348.8746,642,-94.5469,1,40.43966832,-104.5389687,0.3406157,0.2652296,0.061320756,675,597,392,332,-4.4901
288,570.3629,461,-234.531,1,40.85462963,-105.0215931,0.059907835,-0.017094018,-0.33908045,115,233,119,102,71.0619
388,629.8899,576,-303.1325,1,40.50653109,-105.0257301,-0.04522613,-0.07317073,-0.42771083,95,237,110,104,101.6854
406,733.7955,678,-386.6871,1,40.41977001,-105.0387813,0.08988764,-0.03,-0.5630631,97,347,103,81,177.7847
365,905.7324,773,-496.1672,1,39.95218227,-105.0111216,0.13761468,0.06896552,-0.6374269,124,560,108,94,256.5827
607,3801.8639,935,302.9289,1,40.33404753,-104.0918603,-0.048711944,-0.17186545,0.27016884,2031,1167,2874,2239,-2376.005
348,555.7083,450,-232.1298,1,39.86372701,-105.1258051,0.068627454,0,-0.31012657,109,207,109,95,72.821
183,504.804,302,-159.8275,1,39.81949722,-105.235441,-0.2777778,-0.29090908,-0.22,117,183,213,207,-108.2777
520,1182.4257,1051,-698.7746,1,40.33625944,-105.019661,0.15879828,0.10655738,-0.7,135,765,109,98,384.0339
674,1003.0454,971,-578.1525,1,40.6378791,-104.9668875,0.13402061,0.062801935,-0.632107,110,488,97,84,297.4208
435,773.4703,728,-442.9756,1,40.4440971,-105.0306589,0.14482759,0.031055901,-0.6591376,83,404,78,62,232.9089
349,870.4462,754,-465.4673,1,40.60949368,-105.0534305,0.18309858,0.09090909,-0.61051005,126,521,105,87,246.2341
104,263.7763,176,-100.4346,1,40.34011352,-105.2160483,-0.09090909,-0.1891892,-0.3617021,45,96,66,54,15.3527
126,378.3361,239,-126.6364,1,40.36252962,-104.2578936,-0.027624309,-0.0974359,-0.2931727,88,161,107,93,5.6626
425,1572.3432,565,-59.2839,1,39.87348925,-104.9076207,0.050578035,-0.137092,0.115030676,727,577,958,657,-599.5506
369,618.1122,603,-354.6916,1,40.42436683,-105.0317109,0.06306306,0,-0.6599424,59,288,59,52,182.9345
345,616.5349,526,-296.0257,1,40.62299467,-105.0754325,0.07103825,-0.024875622,-0.47593582,98,276,103,85,119.0477
209,579.167,450,-239.2524,1,40.61680208,-104.9839218,0.10909091,0.038297873,-0.4004914,122,285,113,98,90.2115
356,942.079,617,-357.9585,1,39.74674507,-105.0454046,0.018018018,-0.09054326,-0.38166896,226,505,271,218,37.5654
460,2270.6774,784,-19.0907,1,40.07465787,-105.23491,0.11741293,-0.1016,0.104228124,1123,911,1377,887,-805.3465
190,339.3399,270,-127.3448,1,40.19041658,-105.194074,-0.1724138,-0.2356688,-0.15492958,60,82,97,85,-3.6874
232,464.1893,383,-240.8842,1,40.59370595,-105.1697081,-0.14516129,-0.22058824,-0.61172163,53,220,83,71,81.7398
147,420.5848,296,-139.5019,1,39.93789059,-104.7656754,0.13978495,0.06,-0.25614035,106,179,94,80,43.5218
108,348.6843,204,-106.7625,1,40.27730261,-104.165313,-0.06077348,-0.12820514,-0.25438598,85,143,110,96,-12.6286
386,650.5647,490,-244.6285,1,39.8612924,-105.1275543,0.04895105,-0.019607844,-0.24623115,150,248,156,136,45.2774
249,683.2346,441,-192.1365,1,39.9373312,-104.7565478,0.15531336,0.07614213,-0.18773946,212,310,182,155,30.4809
120,368.4123,227,-116.7261,1,40.27938003,-104.1536421,0.005524862,-0.05699482,-0.2631579,91,156,102,90,7.0092
435,754.8614,714,-439.437,1,40.4430138,-105.0380871,0.027777778,-0.013333334,-0.6796537,74,388,76,70,220.1557
894,4236.5469,1303,200.3426,1,40.59551174,-104.7793499,0.13257763,-0.06376044,0.17334695,2298,1619,2611,1760,-1633.1027
75,201.9288,102,-49.712,1,40.21512526,-105.3697204,0.020833334,-0.10091743,-0.0754717,49,57,60,47,-4.7666
804,4751.9162,1184,596.1805,1,40.05025032,-105.1068032,0.12893523,-0.070957094,0.26887536,2815,1622,3245,2172,-2255.4868
4163,10268.3907,4431,-856.3631,1,40.67381514,-105.0563215,0.2591395,0.15422319,0.026249113,5063,4804,3710,2979,-907.1582
241,458.0956,380,-233.4036,1,40.58073938,-105.1654217,-0.033898305,-0.129771,-0.5777778,57,213,74,61,92.1176
606,2549.579,1073,-210.5255,1,40.02826513,-105.1806046,0.09976798,0.009369676,0.015424165,1185,1149,1163,970,-561.5636
186,535.334,347,-143.1295,1,39.93735565,-104.7684863,0.16491228,0.074433655,-0.15089513,166,225,143,119,22.5047
367,1243.0321,595,-197.1824,1,40.52896634,-104.9988193,0.03514377,-0.071633235,-0.047058824,486,534,561,453,-256.0188
103,308.2345,209,-109.9603,1,40.27100739,-104.1544522,0.1,0.007633588,-0.3265306,66,130,65,54,36.7674
114,342.7508,244,-136.9561,1,40.27225622,-104.1777249,0.1,0,-0.41333333,66,159,66,54,53.217
294,801.5106,702,-421.3023,1,40.54787589,-105.0462954,0.104761906,0.049773756,-0.60068846,116,465,105,94,210.1644
935,4050.2297,1277,-157.6465,1,40.85408967,-105.0183896,-0.08227848,-0.15070961,0.097206056,1885,1551,2554,2223,-1970.56
425,1143.8564,719,-283.7319,1,40.34300371,-104.6417098,0.22522523,0.16738197,-0.14554974,408,547,291,258,64.7983
209,530.7509,279,-112.9853,1,39.6159802,-104.6643601,0.026239067,-0.066313,-0.06382979,176,200,201,167,-65.7085
110,328.9473,216,-121.2368,1,40.3407597,-104.2351735,0.02255639,-0.055555556,-0.36448598,68,146,76,65,29.6802
350,934.694,852,-538.3165,1,40.03624353,-104.6457818,-0.2972973,-0.272,-0.7073955,91,531,159,168,179.2096
109,313.4683,194,-109.8948,1,40.2354287,-104.6405141,0.18333334,0.05185185,-0.34562212,71,146,64,49,43.4202
181,547.1066,367,-192.1911,1,40.07757634,-105.0723643,0.21008404,0.14741036,-0.32867134,144,285,107,94,81.7808
142,396.9772,298,-148.8837,1,39.66909483,-105.1369938,0.14649682,0.19205298,-0.32330826,90,176,61,67,70.2105
343,1432.9188,611,-226.1272,1,40.27186543,-104.8735595,0.13904762,0.049122807,-0.122523844,598,765,542,452,-148.9277
384,834.6429,600,-407.4634,1,39.81803525,-104.8645804,-0.25301206,-0.30337077,-0.56491226,124,446,232,208,31.9421
284,738.1953,605,-371.0769,1,40.17895154,-105.0354725,0.1553398,0.04845815,-0.5664845,119,430,108,87,180.9315
147,378.9816,241,-126.6904,1,40.43525392,-105.2142302,-0.1632653,-0.2264151,-0.25454545,82,138,130,114,-30.1241
1709,7736.8295,2391,-203.0081,1,40.27554671,-104.1843896,-0.070817314,-0.11105838,0.10273771,3746,3048,4682,4317,-3652.0952
124,389.3929,282,-154.9427,1,40.2602384,-104.1602309,0.16788322,0.059602648,-0.4095941,80,191,71,57,68.5383
259,721.2408,435,-177.1337,1,40.38744369,-104.0770054,0.25187033,0.17289719,-0.15488215,251,343,177,150,52.8042
118,253.0472,159,-86.104,1,39.76934301,-105.1645139,-0.15789473,-0.19327731,-0.2195122,48,75,71,66,-4.9241
110,306.5944,197,-116.6726,1,40.2243374,-104.6373992,0.16666667,0.06779661,-0.39712918,63,146,55,45,51.3518
537,750.7995,805,-469.3829,1,39.94414912,-105.2126906,-0.010989011,-0.1262136,-0.7547684,45,322,58,46,244.1376
879,4319.6708,1191,22.8599,1,40.32917913,-105.1125389,-0.10699062,-0.1854588,0.17137265,2095,1482,3049,2597,-2540.7662
172,513.2655,386,-225.1983,1,39.63906778,-104.8450018,0.11363637,0.05376344,-0.47593582,98,276,88,78,97.5682
215,661.5556,538,-319.2078,1,40.03859555,-105.1373787,-0.18828452,-0.256705,-0.55606407,97,340,164,142,61.6297
791,4613.7597,1171,420.0094,1,39.76142371,-104.4552646,-0.004232397,-0.095104896,0.26552567,2588,1502,3132,2610,-2526.2954
179,382.7108,349,-180.4682,1,39.61861697,-105.0495149,0.07070707,-0.061946902,-0.46464646,53,145,60,46,79.8041
895,1517.5495,985,-463.4828,1,39.54914058,-105.0616864,0.6041979,0.55976677,-0.21669106,535,831,151,132,417.5435
106,438.1927,257,-101.2709,1,40.36745752,-104.1133196,0.17886178,0.09022556,-0.14201184,145,193,121,101,13.3097
197,428.4609,257,-130.8776,1,40.49383108,-105.0059003,0.046728972,-0.05882353,-0.20848057,112,171,126,102,0.3001
311,708.1368,595,-380.7882,1,40.16186928,-105.1175465,0.16571428,0.29936305,-0.6136364,102,426,55,73,219.6034
170,520.56,366,-205.5684,1,40.23735726,-104.6524949,0.2631579,0.12676056,-0.4074074,120,285,93,70,101.5651
445,801.8807,691,-384.0387,1,40.42680087,-105.025346,0.088,-0.00729927,-0.46456692,136,372,138,114,151.7822
150,449.9439,284,-143.3182,1,40.27880848,-104.1494146,0.017699115,-0.057377048,-0.26517573,115,198,129,111,5.7606
214,429.175,276,-135.8821,1,39.8756578,-104.9156866,0,-0.05263158,-0.18181819,108,156,120,108,0.0052
991,4217.0034,1310,107.6394,2,39.68451709,-104.8760368,0.033687126,-0.03448276,0.17277487,2240,1580,2400,2094,-1714.6009
727,3638.2388,984,139.6503,2,40.05271889,-105.0554552,-0.0604534,-0.15246534,0.21577574,1865,1203,2536,2105,-2067.8459
606,2616.7034,834,115.078,2,39.59857414,-104.8919139,0.10906298,0.021577643,0.18555008,1444,992,1383,1160,-885.0188
679,3672.7192,1021,270.9841,2,40.08785278,-104.9368917,0.024365738,-0.06660563,0.23763278,2039,1256,2330,1942,-1779.5117
778,3822.6511,1095,121.197,2,40.39012023,-104.6715054,-0.015285996,-0.09433106,0.18340741,1997,1378,2413,2059,-1856.0112
922,4414.471,1425,156.5819,2,40.14479968,-105.1530891,0.09210229,0.005207249,0.16373281,2413,1734,2388,2006,-1554.3072
1070,4797.5774,1356,-52.9369,2,41.14884092,-104.8561589,-0.10514894,-0.19858657,0.14719272,2268,1686,3392,2801,-2762.3187
991,3975.277,1172,264.1912,2,39.86919668,-105.0325061,0.11894053,-0.015607826,0.21618685,2239,1443,2310,1763,-1522.9774
663,3813.4752,1054,291.9935,2,40.36098257,-104.6020428,0.013416387,-0.077828646,0.24448366,2115,1284,2472,2059,-1918.7125
557,3500.6381,908,475.5686,2,40.18212592,-105.1313247,0.108452536,-0.011824716,0.29347497,2131,1164,2182,1714,-1582.3765
810,4906.6073,1216,874.9809,2,39.93650116,-104.9679302,0.18638942,-0.014137606,0.336172,3138,1559,3228,2152,-2194.0042
728,3380.117,1006,194.5498,2,39.68166479,-104.776339,0.08090988,-0.017534677,0.20204931,1877,1246,1944,1596,-1339.1233
623,2748.1476,800,58.0084,2,39.7697196,-105.0489225,-0.031021262,-0.12825337,0.19210978,1390,942,1799,1479,-1390.4489
602,3193.0062,814,538.0889,2,39.69084979,-104.7735104,0.1662844,0.020572001,0.33903885,2034,1004,1952,1454,-1353.5399
477,2628.3685,652,555.5342,2,39.68801573,-104.8623857,0.21637426,0.059316956,0.38829997,1768,779,1570,1139,-1055.9639
669,2545.1051,855,-86.3528,2,39.69290495,-104.8840693,-0.005983247,-0.028460039,0.099735215,1246,1020,1319,1261,-920.7068
767,4116.8426,1091,233.1506,2,40.13272583,-104.9470621,-0.010714286,-0.09863738,0.21092896,2216,1444,2701,2264,-2120.65
890,4463.8821,1124,724.3466,2,39.61889734,-105.0107186,0.14070761,-0.00760658,0.34178427,2805,1376,2848,2113,-2043.4242
1501,5673.4362,1950,-287.6483,2,39.764509,-104.8594315,-0.01805581,-0.07776636,0.07165605,2692,2332,3146,2791,-2180.7959
861,4053.8709,1229,145.6161,2,40.48409064,-104.9499728,0.0781133,-0.068564035,0.1672521,2160,1541,2478,1847,-1661.1604
1317,4732.6967,1865,-366.8046,2,39.78836352,-104.9364654,0.0431055,-0.04366812,0.036195885,2190,2037,2390,2009,-1391.4522
480,2401.9956,681,305.0819,2,39.62442648,-104.8146239,0.15673114,0.03716814,0.2907489,1465,805,1360,1068,-905.4625
1046,4949.6512,1377,-24.1545,2,39.84653034,-104.6572788,-0.12847286,-0.21445379,0.16762428,2337,1666,3613,3026,-3039.7469
913,3838.1801,1224,-5.9181,2,39.88030218,-105.2416131,0.011294983,-0.09454375,0.14141713,1925,1448,2327,1882,-1647.6125
902,4004.3833,1041,574.4081,2,39.68430296,-105.0481624,0.15321638,-0.009045227,0.31924003,2465,1272,2510,1810,-1735.4043
643,4360.0886,1063,456.4854,2,40.60193858,-105.0020093,0.029134354,-0.1291238,0.2677511,2455,1418,3183,2316,-2454.8108
718,3749.726,929,179.9516,2,39.97487362,-104.9429682,-0.074424244,-0.19451477,0.23002577,1909,1195,2831,2216,-2340.9434
629,2656.6225,832,82.6297,2,39.68721406,-104.8704342,0.054505005,-0.017616581,0.18253638,1422,983,1473,1275,-1022.0645
1316,5662.9536,1667,-304.0529,2,40.70063702,-103.8070807,-0.18178786,-0.2541806,0.10197664,2453,1999,4125,3543,-3506.9669
618,3097.9351,836,453.9822,2,39.97907837,-105.1762589,0.16234158,0.018508725,0.31557378,1926,1002,1856,1388,-1261.3165
938,4603.0106,1199,137.6034,2,41.11630276,-104.785834,-0.073459715,-0.14922938,0.19267921,2346,1588,3169,2718,-2618.0948
872,3802.1445,1060,-118.3759,2,39.8151325,-104.9557188,-0.18315889,-0.22342831,0.14543028,1717,1281,2705,2487,-2393.8775
1176,4603.4107,1408,-125.0628,2,41.13415419,-104.7943544,-0.0832464,-0.13007325,0.124072656,2197,1712,2854,2596,-2265.1706
1134,5348.0469,1503,-67.3623,2,41.00995668,-104.8739429,-0.12595685,-0.20732093,0.14808044,2512,1864,3826,3236,-3191.9748
908,3555.8466,1152,-64.1839,2,40.54085154,-105.0392053,-0.0182944,-0.09000783,0.12880258,1744,1346,2089,1809,-1519.8648
696,3602.4427,917,243.3731,2,39.7739455,-105.1592704,-0.029381966,-0.15164933,0.25146964,1916,1146,2601,2032,-2091.9852
723,3296.4396,988,280.6891,2,41.14744121,-104.8214836,0.14608747,0.03409396,0.22831632,1926,1210,1799,1435,-1151.3674
487,1701.4108,555,87.1886,2,40.40957761,-104.7856155,0.2015161,0.051409617,0.20379747,951,629,858,632,-465.7884
722,2974.9756,929,157.6802,2,39.91163571,-105.0241021,0.10566413,0.034397274,0.20071943,1669,1111,1558,1350,-1021.7565
739,2596.5439,892,-193.0987,2,39.84703563,-104.9851549,-0.10455764,-0.090272374,0.070512824,1169,1015,1401,1442,-1089.8541
909,4727.6994,1312,119.6971,2,39.85595324,-104.7480677,-0.057779532,-0.15672432,0.18443233,2389,1645,3277,2682,-2620.4659
534,2693.6384,690,368.1023,2,39.70318132,-105.1111654,0.11035422,-0.020432692,0.3161082,1630,847,1698,1306,-1234.3952
586,2260.7585,761,-59.9701,2,40.51948901,-105.0643377,-0.003633061,-0.07230444,0.12053116,1097,861,1268,1105,-887.0924
772,4656.2778,1187,295.9716,2,40.10001197,-104.930193,-0.05442047,-0.1447323,0.23769058,2476,1525,3314,2761,-2748.8606
853,3103.8629,1086,-176.0798,2,39.70051884,-105.0541225,-0.035583638,-0.074664965,0.078869045,1450,1238,1684,1557,-1190.4267
758,3694.8329,1024,407.9062,2,39.62090282,-104.8086914,0.10618146,0.03257329,0.2683624,2219,1280,2079,1793,-1481.1249
222,805.4335,254,69.2493,2,39.65911307,-105.1191383,0.27815467,0.14738125,0.25099602,471,282,350,266,-158.4523
764,3963.5574,1145,193.7925,2,40.1451133,-105.1157566,0.017964073,-0.084446356,0.20158327,2125,1412,2517,2050,-1879.4774
4490,11723.6941,5354,-928.947,2,39.78403504,-104.930163,0.4542508,0.14226966,0.008471646,5833,5735,4380,2189,-248.1355
701,3248.593,1047,220.0619,2,39.50285937,-104.7172452,0.17368257,0.07083926,0.1953001,1882,1267,1633,1325,-949.6451
705,3721.1213,933,700.3575,2,39.73107098,-104.9652249,0.1686103,4.16E-04,0.3782235,2405,1085,2403,1711,-1700.6729
695,3499.0407,1015,317.7725,2,40.00958748,-105.1974275,0.08914624,-0.012454213,0.25240013,2022,1207,2073,1691,-1472.3015
1186,4492.0314,1441,98.3951,2,39.69749543,-105.1206039,0.07664644,-0.01683087,0.16601753,2395,1713,2477,2054,-1640.7976
721,3142.3835,1008,-82.6922,2,39.98574287,-105.2293345,-0.044585988,-0.12689173,0.11358575,1500,1194,1936,1640,-1436.6215
1121,5041.211,1451,131.4049,2,40.35081919,-105.0924386,-0.033351965,-0.11723669,0.18963541,2594,1767,3283,2773,-2573.4593
770,3855.8882,957,419.4129,2,40.13107621,-104.9037517,0.016808657,-0.08967223,0.30496454,2208,1176,2643,2135,-2116.7687
1158,5632.8297,1654,39.7472,2,39.59121755,-104.0488809,-0.06319328,-0.15455787,0.16294596,2787,2006,3806,3163,-3012.382
870,3560.3712,1066,131.5311,2,39.71458015,-105.0411835,0.046357617,-0.06254635,0.19320327,1896,1282,2149,1728,-1525.6396
948,4170.8402,1365,78.9308,2,39.60142408,-104.678757,0.051880058,-0.019085664,0.15980057,2210,1601,2296,1992,-1570.1193
947,3945.7922,1195,-29.3109,2,39.92806827,-105.1160924,-0.05103785,-0.116014555,0.1449617,1943,1451,2453,2152,-1898.753
975,3847.1122,1182,-123.4514,2,41.15116359,-104.7857205,-0.08674881,-0.13626635,0.116851166,1816,1436,2389,2161,-1888.3368
1020,4737.5364,1551,-88.3675,2,39.92695599,-105.1438258,0.001085305,-0.12001526,0.10626049,2306,1863,2935,2301,-2047.7294
662,3392.7529,1077,123.444,2,40.33569804,-104.9278316,0.070806734,-0.003510667,0.16735211,1845,1316,1858,1601,-1255.2706
796,3607.5168,975,330.6966,2,39.86728237,-105.0788076,0.09129066,-0.027582983,0.24924925,2080,1250,2198,1732,-1563.5713
683,4364.4546,1005,1043.5577,2,39.71835305,-104.9340795,0.2313065,0.018175641,0.4116816,2997,1249,2890,1871,-1964.1574
1137,5675.9707,1534,469.2187,2,39.95236382,-105.143879,0.083347425,-0.06968641,0.22805673,3204,2014,3684,2711,-2610.4034
704,3711.2799,928,277.7363,2,40.58869037,-105.0346245,-0.007924715,-0.14108062,0.24875312,2003,1205,2661,2035,-2098.8163
901,3901.241,1155,260.1616,2,39.61060031,-104.7908964,0.073760584,0.022099448,0.22078636,2220,1417,2124,1915,-1509.8351
889,3914.1299,1220,215.971,2,39.85811068,-105.0437242,0.09633376,-0.019669907,0.20611961,2168,1427,2255,1787,-1511.0999
887,3589.5524,1154,-68.8561,2,40.36208044,-104.6967277,-0.030068966,-0.08935509,0.12512,1758,1367,2103,1867,-1556.3684
836,3272.522,1005,137.5931,2,39.69944329,-105.0401247,0.06152927,-0.022552256,0.20433751,1777,1174,1859,1571,-1302.0718
607,3950.773,952,833.4231,2,40.12413083,-104.5094191,0.12534939,0.010034735,0.41612554,2617,1079,2565,2034,-1974.926
702,3628.9105,946,253.3444,2,39.90044685,-104.8409051,-0.020459082,-0.11755451,0.25031847,1963,1177,2486,2045,-1999.1468
905,3933.3001,1392,22.8716,2,40.41676852,-104.7343188,0.1283566,0.0478803,0.12113127,2101,1647,1909,1623,-1083.2104
729,3663.1337,1018,99.6695,2,40.38787145,-105.0539619,-0.06547771,-0.17461745,0.20262295,1834,1216,2610,2091,-2102.2371
743,3086.1815,802,385.6283,2,39.78078022,-105.0864162,0.11487304,-0.025112344,0.31198862,1844,967,1939,1464,-1390.6045
634,4882.5108,1055,1720.6805,2,39.81066469,-104.5274266,0.31190476,0.13591518,0.52782726,3857,1192,2934,2023,-1960.6607
811,3560.3007,1042,246.4807,2,40.58918821,-105.1051742,0.080509625,-0.03346266,0.22986732,1993,1248,2131,1696,-1496.3686
637,3276.7232,821,-16.5083,2,39.9872902,-104.9151982,-0.19752422,-0.2698335,0.18899521,1491,1017,2593,2225,-2334.8986
568,2418.2334,781,6.0974,2,39.76252031,-104.7946406,0.041315347,-0.047067903,0.14035088,1235,931,1357,1137,-918.3143
596,3324.9418,788,727.7128,2,39.75178295,-105.1574684,0.21830986,0.04144478,0.39127746,2249,984,2070,1443,-1403.9773
1034,4651.6276,1361,10.7966,2,39.47077545,-104.4414945,-0.05386513,-0.13933046,0.15338346,2301,1689,3046,2563,-2378.0608
650,3645.3124,898,200.452,2,40.36129479,-104.0519235,-0.025183631,-0.21619911,0.21916011,1858,1190,2883,1954,-2233.5802
744,4066.5112,1167,124.002,2,39.79209671,-104.5482268,-0.020896925,-0.13842975,0.18130311,2085,1445,2755,2174,-2106.3003
909,3691.378,1248,-29.6302,2,39.73905002,-104.8227202,0.007256114,-0.032774195,0.13990268,1874,1414,2001,1847,-1421.6589
1109,4875.5353,1422,294.8555,2,39.54915655,-105.0096603,0.093780845,0.026306039,0.1924236,2770,1876,2628,2295,-1785.5832
740,3621.5022,1092,168.3446,2,39.69503066,-105.1482419,0.038817007,-0.03978521,0.19683602,1967,1320,2130,1820,-1545.107
968,4020.7705,1246,31.625,2,41.14341243,-104.8382964,-0.001214477,-0.07449921,0.15765765,2056,1496,2387,2061,-1755.3958
899,4088.8623,1224,-78.107,2,41.12382247,-104.761865,-0.089929745,-0.16231947,0.12997964,1943,1496,2696,2327,-2150.1461
913,3744.4431,1131,-89.0826,2,39.84672868,-104.9066046,-0.062289998,-0.10419753,0.11356661,1814,1444,2236,2055,-1731.0336
638,3233.504,976,295.4148,2,39.65743733,-104.8365677,0.12736967,0.040174913,0.2389323,1903,1169,1756,1473,-1166.8771
461,2425.5776,583,465.9277,2,39.72456382,-105.0761945,0.15924972,0.01874596,0.38427755,1576,701,1518,1143,-1093.535
913,5056.1866,1361,360.2497,2,39.58862269,-104.0621919,-0.003061408,-0.101298705,0.23903312,2768,1700,3392,2785,-2672.9665
786,4235.3807,1234,-83.4733,2,40.55971716,-104.7238324,-0.12637718,-0.14737508,0.12208657,2022,1582,2721,2607,-2300.7758
820,3530.112,1047,280.5939,2,40.57109012,-105.0938043,0.09289618,-0.031242432,0.2519562,2000,1195,2129,1660,-1487.1224
139,721.58,195,65.1818,2,39.60984579,-105.1749695,0.08815427,-0.049338147,0.3014827,395,212,436,331,-305.1245
610,3086.067,902,254.5404,2,39.75080297,-105.0359523,0.1025,-0.015625,0.23356643,1764,1096,1820,1436,-1248.889
681,2853.1841,1009,-99.2953,2,39.54591316,-105.0002328,0.017902814,-0.039310344,0.09254902,1393,1157,1507,1344,-997.4724
792,3484.1922,1098,-106.2263,2,39.96611929,-105.1660385,-0.08259424,-0.12387507,0.11335351,1655,1318,2123,1953,-1668.7448
588,3567.9554,940,316.9407,2,40.03942222,-104.2814524,0.023686921,-0.10309046,0.257432,1988,1174,2445,1896,-1882.3021
550,3534.4357,736,251.6739,3,40.42712137,-104.5111148,-0.1429995,-0.32136515,0.3129771,1720,900,3349,2294,-2904.9375
1708,7158.7558,2335,-224.7569,3,40.81095254,-103.9818836,-0.00986701,-0.10322497,0.08731156,3462,2906,4259,3531,-2987.9296
1228,3739.2049,1827,-801.2107,3,41.10188112,-104.7380077,-0.11043975,-0.14072633,-0.12396694,1325,1700,1759,1654,-1004.8226
1518,6925.9157,2212,-218.671,3,40.78780883,-105.1268213,-0.06406606,-0.14009157,0.09896356,3287,2695,4358,3737,-3308.1467
667,1252.3063,1162,-774.8696,3,40.38400641,-105.1472674,0.2565445,0.16504854,-0.73568285,120,788,86,71,448.4136
1480,5806.3658,1993,-252.2456,3,40.71994686,-105.149426,-0.016761769,-0.10107597,0.08457907,2757,2327,3377,2851,-2354.894
1668,7401.6791,2347,-194.0071,3,40.35757717,-103.850598,-0.024817912,-0.09534535,0.090826795,3615,3013,4377,3799,-3172.4458
317,2315.3981,427,361.9075,3,40.15194827,-104.3415562,0.015661707,-0.24505238,0.38568377,1297,575,2139,1257,-1701.0673
1319,6040.8207,1835,-108.961,3,40.898642,-105.0971148,-0.072231136,-0.16012786,0.12363919,2890,2254,3992,3340,-3107.2375
1570,6331.9709,2031,-160.4452,3,40.80404369,-103.9350432,-0.02019399,-0.103056766,0.10449901,3081,2498,3789,3208,-2733.5665
1879,7557.4559,2508,-252.4932,3,40.80461101,-104.0627144,-0.005843185,-0.09376936,0.08852849,3658,3063,4415,3701,-3074.5064
1705,8312.8879,2440,-108.9462,3,39.73218737,-104.5741745,-0.109532796,-0.15412186,0.13573956,4012,3053,5474,4999,-4547.5463
1912,7549.0494,2797,-449.2351,3,40.97377053,-105.0982946,-0.009231643,-0.11640279,0.06715619,3488,3049,4407,3553,-2947.6225
1820,7217.0287,2422,-266.3172,3,40.7704942,-103.9604621,0.007960632,-0.091691665,0.08069522,3482,2962,4185,3427,-2832.3077
239,429.6436,388,-239.5834,3,39.54643923,-105.0581925,0.025641026,-0.036144577,-0.6694215,40,202,43,38,122.3885
1134,6160.7807,1684,33.8003,3,40.62043969,-104.2280912,-0.1161631,-0.17372823,0.16085532,3013,2178,4280,3805,-3627.913
2026,8168.8629,2772,-369.4552,3,40.80780341,-105.1307719,-0.034741316,-0.11003572,0.08073317,3862,3285,4817,4140,-3450.5526
1301,5591.1111,1859,-174.5746,3,40.66211559,-105.1457478,-0.016536435,-0.09437751,0.09289176,2706,2246,3270,2797,-2318.1094
675,2325.1352,1116,-523.1938,3,40.69325767,-105.0833232,-0.116912596,-0.21055302,-0.16299085,778,1081,1193,984,-665.0361
88,231.3144,159,-89.445,3,40.32145239,-105.2223448,-0.18604651,-0.23076923,-0.36363637,35,75,56,51,11.4312
1733,9499.1913,2522,188.6845,3,40.77962965,-105.1804908,0.013535032,-0.019449258,0.10671593,5092,4110,5294,4956,-3877.8653
1282,5653.6277,1721,-173.2333,3,40.92430329,-105.1110482,-0.10211749,-0.18188891,0.1156376,2629,2084,3798,3227,-3028.4073
610,3247.614,934,6.7239,3,39.81650654,-105.2438432,-0.057777777,-0.15605095,0.1414214,1590,1196,2178,1785,-1692.1526
1173,5954.858,1621,80.69,3,40.87802402,-105.1661595,-0.05679166,-0.11374269,0.14680287,3031,2255,3809,3396,-3046.92
728,2758.6988,1048,-243.6958,3,40.63488344,-105.079703,-0.001639344,-0.10605504,0.020955574,1218,1168,1507,1222,-937.3085
1364,6364.2453,2088,-278.7153,3,40.43706778,-105.0380838,-0.10097621,-0.15206446,0.0939124,2947,2441,4004,3609,-3157.9293
943,4572.5534,1294,-104.2002,3,39.80859697,-104.8852771,-0.15075576,-0.18620163,0.133829,2135,1631,3112,2893,-2687
913,4543.6074,1257,27.1086,3,40.65834278,-105.1368675,-0.09269893,-0.1827083,0.16451699,2212,1587,3201,2664,-2616.1746
1133,5278.765,1645,-155.8418,3,39.8126636,-104.8982388,-0.08679928,-0.12082173,0.105032824,2525,2045,3219,3005,-2554.7289
957,4891.4532,1385,273.8697,3,40.95933754,-105.1870398,0.10085837,-0.1733806,0.1958042,2565,1725,3641,2095,-2433.2531
627,1224.9186,1042,-699.1731,3,39.94307936,-105.2063664,-0.20353982,-0.23295455,-0.67933494,135,707,217,204,229.9354
1214,5746.7087,1660,-43.3711,3,41.09748687,-105.1502783,-0.037593983,-0.08889592,0.10918544,2880,2313,3442,3105,-2618.2288
731,4879.3267,972,854.1367,3,40.75841794,-104.9760686,0.09402346,-0.15780422,0.36270872,2938,1374,4039,2433,-3053.9331
672,3824.8496,931,165.7117,3,40.36295995,-104.4288996,-0.118675254,-0.21249487,0.23612903,1916,1184,2950,2432,-2556.671
2188,8201.1521,2712,-324.0541,3,40.88131742,-104.624936,-0.024537561,-0.1309417,0.09260042,3876,3219,5044,4071,-3585.6185
1782,6606.1392,2328,-380.7526,3,40.72373187,-105.1483688,-0.03354859,-0.10723119,0.072914846,3068,2651,3805,3281,-2673.0442
2134,6973.0005,2984,-359.1472,3,39.9064613,-105.0978052,0.3035062,0.12711196,0.04052478,3569,3291,2764,1907,-701.5141
756,4052.3743,1093,318.3053,3,40.09759209,-105.0438771,0.06068477,-0.09563117,0.23068494,2246,1404,2721,1989,-1972.8515
1564,6679.5998,2085,-160.4228,3,40.92499945,-104.6820546,-0.05427269,-0.13108107,0.111687414,3215,2569,4185,3584,-3174.9473
1562,6482.0373,2129,-234.2664,3,40.80428968,-105.1311206,-0.03971344,-0.121652424,0.09345628,3083,2556,3937,3338,-2873.3683
266,532.5979,457,-257.6031,3,40.54463355,-104.9559506,0.05263158,-0.04761905,-0.5031056,80,242,88,72,105.4868
1515,7481.1458,2379,-122.0434,3,41.13055436,-105.001668,0.02568982,-0.05355575,0.080314964,3773,3212,4200,3584,-2832.6255
1601,6799.1374,2145,-179.2203,3,40.87846363,-103.683194,-0.01392424,-0.11632899,0.09202454,3293,2738,4160,3386,-2956.8057
1403,5392.7112,1816,-4.0745,3,40.47815197,-105.0285508,0.08879242,-0.060286105,0.13050604,2759,2122,3113,2309,-1949.96
850,4396.4324,1246,82.4861,3,39.8352924,-104.8322902,-0.057045553,-0.14379591,0.17319915,2215,1561,2959,2483,-2355.0677
555,2824.8627,899,-71.8494,3,40.32393355,-104.8046024,-0.03831283,-0.094339624,0.094837934,1368,1131,1653,1477,-1216.5263
638,3684.6436,905,279.218,3,40.03958029,-104.7969767,-0.03006407,-0.16521738,0.25630388,1968,1165,2747,2090,-2215.2147
843,4619.4449,1132,264.1741,3,40.51842323,-104.9754458,-0.052966945,-0.20161155,0.23340249,2378,1478,3579,2644,-2894.0141
735,3530.6425,1065,-48.612,3,39.64989627,-104.7117518,-0.08224401,-0.1646009,0.13736078,1685,1278,2349,1987,-1858.4266
1166,6171.1058,1734,-18.2775,3,40.38184009,-104.3693644,-0.10908019,-0.14849253,0.14253308,3022,2268,4076,3762,-3423.8231
1418,6163.1327,1916,-183.5002,3,40.92457181,-105.1128302,-0.07731467,-0.16245487,0.11004785,2900,2325,4025,3386,-3113.4406
1025,4840.9309,1546,-150.6998,3,39.65377676,-104.500871,-0.04919423,-0.19279929,0.099289045,2242,1837,3313,2474,-2425.8505
2239,5402.447,2246,-274.2065,3,40.48274676,-105.0278448,0.30851316,0.1277335,0.07354086,2759,2381,2134,1458,-572.5605
2073,8011.7194,2792,-275.0505,3,41.12753193,-105.1071013,0.041963577,-0.047642022,0.08149569,3948,3353,4343,3630,-2778.8228
1256,5185.0646,1777,-152.4087,3,40.24143008,-104.0038683,0.00337905,-0.08401379,0.10074139,2524,2062,2987,2507,-2056.0061
1829,7685.4823,2435,-197.1444,3,40.86087292,-104.2979224,-0.054074835,-0.13203998,0.11241712,3691,2945,4814,4113,-3643.3462
1961,7108.7355,2485,-224.1324,3,40.88064945,-103.685287,0.08522114,-0.047219593,0.08155429,3521,2990,3870,2968,-2306.92
668,3688.8042,856,352.3164,3,40.2046951,-103.8598819,-0.07788306,-0.17799753,0.32690388,1995,1012,2859,2332,-2492.181
1294,5372.69,1708,-294.1023,3,40.30514686,-104.7354627,-0.13518289,-0.14946124,0.088523135,2447,2049,3307,3212,-2732.8246
1874,7492.2552,2511,-270.568,3,40.81752395,-103.9611511,-0.002334844,-0.08097166,0.08353222,3632,3072,4272,3649,-2947.3686
866,4158.977,1165,25.9651,3,39.97865421,-105.0638276,-0.100958325,-0.18652955,0.17712285,2017,1410,2942,2470,-2431.8926
988,4034.3636,1339,-159.4788,3,39.76022061,-104.893763,-0.029683214,-0.06692252,0.08477412,1945,1641,2224,2064,-1599.8313
1876,7653.7807,2478,-267.0493,3,40.91646671,-105.1103225,-0.058287796,-0.13935791,0.103017375,3619,2943,4791,4067,-3601.0817
1709,6623.6676,2184,-382.16,3,40.86492241,-103.9429679,-0.11014796,-0.17546046,0.088084795,2977,2495,4244,3714,-3329.3523
126,484.2789,227,-110.0337,3,40.32780721,-105.1319598,-0.1497006,-0.26041666,-0.14714715,142,191,242,192,-130.2094
1702,8750.0982,2521,85.8978,3,40.78098093,-105.1804944,0.041490454,-0.064860426,0.10301416,4556,3705,5188,4193,-3552.3359
1071,5270.1011,1593,43.8563,3,39.6806599,-105.1796958,-0.009595485,-0.14281061,0.14684096,2632,1958,3509,2683,-2574.0674
860,4544.7215,1275,-24.6297,3,40.37414771,-104.3966469,-0.112373225,-0.1741838,0.14405228,2188,1637,3111,2742,-2590.0321
2756,10786.2463,3695,-451.8088,3,40.86621532,-103.9077049,0.001536393,-0.07198149,0.07525773,5215,4485,6024,5199,-4095.9926
1277,4683.4795,1541,-12.1339,3,40.58064001,-104.6641948,0.047807887,-0.065802395,0.142171,2378,1786,2713,2161,-1819.3579
782,4245.3189,1079,57.4965,3,40.95045001,-105.1670538,-0.11476118,-0.2199581,0.17363897,2048,1442,3203,2579,-2679.0452
1810,6776.8089,2265,-325.5566,3,40.74741495,-103.8908178,-0.021036586,-0.09549296,0.073015876,3211,2774,3889,3349,-2722.7329
1479,7495.1367,2207,-126.3569,3,40.50376417,-105.1245144,-0.063191354,-0.10809829,0.09888143,3684,3021,4577,4181,-3563.4176
697,3671.492,887,-15.9169,3,40.948828,-105.1674062,-0.17073171,-0.24911661,0.15882754,1700,1234,2828,2400,-2482.2192
894,4974.0644,1501,-115.3847,3,40.20370448,-104.609309,-0.11667594,-0.1349682,0.11261682,2381,1899,3124,3010,-2600.7139
1519,6678.5494,2087,-212.1822,3,40.88972663,-105.0935405,-0.08311384,-0.16330618,0.107654236,3133,2524,4356,3701,-3388.9888
1831,7393.093,2408,-184.315,3,40.77401977,-103.9618291,0.002368678,-0.109763645,0.100504816,3597,2940,4484,3580,-3118.1307
980,5624.9098,1530,247.0614,3,40.18991127,-104.8282481,-0.024090381,-0.14110251,0.19365983,2937,1984,3902,3082,-3041.6546
1125,5770.5543,1705,-65.3571,3,39.68731035,-104.5044781,-0.085947715,-0.14855403,0.12691379,2797,2167,3773,3323,-3026.5499
954,4421.0458,1439,39.6148,3,40.41601779,-104.6547599,0.024085637,-0.040133778,0.1454228,2296,1713,2488,2188,-1754.2466
231,614.4391,487,-298.7652,3,40.75138454,-104.9540376,0.026455026,-0.07177033,-0.55402297,97,338,112,92,116.0891
1062,4931.7251,1413,-63.1801,3,40.90403885,-105.1063837,-0.10962054,-0.20075692,0.14489897,2323,1735,3490,2895,-2848.9299
1509,7130.4873,2075,-33.2538,3,39.43921697,-104.4009587,-0.08641326,-0.15867248,0.14639379,3473,2586,4783,4130,-3868.2294
2306,8115.5103,2919,-624.5308,3,40.86702189,-103.9361707,-0.070936464,-0.12391723,0.056434065,3641,3252,4671,4197,-3392.3803
926,4945.2057,1309,213.4529,3,40.78070676,-105.1829825,0.002081362,-0.08055556,0.1711632,2648,1874,3112,2637,-2369.5466
1064,5089.101,1516,-93.6491,3,40.04243894,-105.0716238,-0.09944134,-0.16807157,0.1285881,2418,1867,3395,2952,-2742.0152
1926,7252.9953,2591,-405.7533,3,40.97458005,-105.0997221,-0.02526866,-0.12330198,0.07650361,3356,2879,4300,3530,-2979.2565
1649,6971.8295,2206,-275.2728,3,40.89675053,-105.0967558,-0.081615366,-0.15433624,0.09531829,3252,2686,4439,3830,-3424.0902
1035,5049.4761,1423,37.4536,3,40.95123525,-104.1518932,-0.068207234,-0.15411943,0.15660422,2500,1823,3411,2866,-2721.9637
867,4042.9436,1221,-64.6029,3,39.83077656,-104.9013674,-0.075243294,-0.14147201,0.1276411,1948,1507,2590,2265,-2038.2124
388,2766.2182,561,314.2769,3,40.56328742,-105.0264606,-0.078018576,-0.22709577,0.34204596,1489,730,2364,1741,-2038.3583
2208,8791.0779,2950,-301.6471,3,40.90290431,-104.7067375,3.51E-04,-0.08194608,0.08642603,4274,3594,5037,4271,-3471.0308
3196,8378.0754,3420,-761.3447,3,40.48180655,-104.6947738,0.1266892,0.092994675,0.0228754,4002,3823,3321,3102,-1444.5643
2825,10754.7208,3754,-431.1326,3,40.82631573,-103.7322546,0.0551291,-0.03816794,0.065646395,5292,4640,5712,4739,-3529.122
2213,9812.8978,2922,-74.7811,3,40.77881609,-105.1822662,0.014621357,-0.042717155,0.093814544,5031,4168,5480,4886,-3849.9864
1215,5266.5542,1667,-230.0187,3,40.94027223,-105.0822073,-0.1003164,-0.17112483,0.09490374,2417,1998,3415,2956,-2680.8017
1399,7019.5006,1982,-86.5263,3,39.73598816,-104.5787025,-0.13195796,-0.18084976,0.14163822,3345,2515,4822,4362,-4102.3754
1391,6313.8288,1862,-135.0346,3,41.10616813,-104.7222701,-0.10549645,-0.14249292,0.12277448,3027,2365,4033,3741,-3316.3737
318,3050.5293,464,628.2081,3,40.29158072,-104.6197451,5.51E-04,-0.23197293,0.45804897,1816,675,2913,1814,-2439.4631
400,962.7202,793,-514.1612,3,40.63327923,-104.9516354,0.09727626,0.032967035,-0.6163265,141,594,132,116,245.4117
295,1938.8421,415,-48.4921,4,40.58229067,-105.3256517,-0.3398533,-0.33931485,0.20895523,810,530,1642,1644,-1700.6646
580,3416.2079,880,666.7368,4,40.07690129,-105.4020455,0.17518248,0.044969864,0.3752288,2254,1024,2060,1582,-1449.503
137,1045.1262,214,516.7904,4,40.22847617,-105.3345299,0.5312,0.33194155,0.6600174,957,196,480,293,-223.5253
582,2445.8069,785,700.0434,4,39.61604612,-105.3119905,0.5688185,0.40765026,0.40816328,1932,812,813,531,-108.1352
123,1105.3504,235,593.0303,4,40.02440701,-105.3352889,0.5736724,0.35829568,0.6954069,1052,189,497,285,-213.263
418,1333.6037,467,91.686,4,40.34725337,-105.4562802,0.2710893,0.14538746,0.24060751,776,475,579,445,-260.85
213,1838.9455,487,891.7679,4,39.62619796,-105.2498154,0.6356772,0.46121415,0.5833714,1733,456,639,386,-121.1861
395,2623.7207,597,730.859,4,40.47924123,-105.431689,0.21084921,0.049832027,0.4952153,1875,633,1697,1222,-1235.3651
281,2233.4997,453,1019.9479,4,40.11681061,-105.3473601,0.43546617,0.2314931,0.62904567,1963,447,1225,772,-721.7601
479,3065.5729,721,656.5878,4,40.44830683,-105.2998859,0.17999418,-0.003682789,0.4007594,2029,868,2044,1410,-1456.0824
1002,3237.4773,1213,258.101,4,39.75387181,-105.3234676,0.35308138,0.23034056,0.22051597,1987,1269,1243,950,-396.1221
85,581.2941,137,38.0713,4,40.64683791,-105.3415775,-0.016722407,-0.13782991,0.27272728,294,168,388,304,-299.9525
522,3001.9703,703,647.4979,4,40.06962865,-105.3052549,0.16283134,0.009610521,0.41660753,1996,822,1958,1437,-1436.709
552,3223.0272,728,647.0058,4,40.22401594,-105.3785839,0.096945554,-0.049919486,0.4265976,2065,830,2282,1700,-1795.5461
141,1955.6002,361,930.149,4,40.31464736,-105.3508433,0.4098095,0.22378607,0.635936,1739,387,1103,728,-691.4236
183,2872.7185,592,724.1417,4,40.26435757,-105.4356122,0.09260305,-0.049140047,0.4686907,1935,700,2135,1607,-1742.4383
455,1634.9501,521,72.4022,4,39.74019333,-105.2824384,0.12396694,-0.011185682,0.21763085,884,568,904,689,-569.2731
214,1652.9767,347,753.8857,4,40.7804244,-105.4012794,0.43180698,0.25941965,0.64015794,1454,319,855,577,-500.3955
550,2872.0489,750,395.4589,4,40.80969536,-105.3765574,0.104286626,-0.043502357,0.32718185,1726,875,1883,1400,-1379.2035
193,790.9673,215,-59.2286,4,40.70304305,-105.3447054,-0.28074247,-0.2773893,0.13970588,310,234,548,552,-516.1989
345,2303.9914,671,742.8666,4,39.71261988,-105.3782232,0.5136679,0.3403179,0.43409353,1855,732,913,596,-284.3387
433,2596.4605,589,419.1337,4,40.72545571,-105.4307892,0.062372882,-0.094219655,0.3733567,1567,715,1893,1383,-1488.1837
397,2482.3649,563,585.965,4,39.64739946,-105.4009452,0.18405546,0.057912666,0.42333335,1708,692,1521,1177,-1104.5809
480,2548.699,626,-73.1039,4,40.67268043,-105.4503271,-0.26773456,-0.26243004,0.1691023,1120,796,1917,1939,-1882.1566
372,2448.0373,554,518.8648,4,40.46626193,-105.4333752,0.13089374,-0.007718432,0.41585904,1607,663,1632,1235,-1243.0322
341,2613.6771,568,740.7051,4,40.53443386,-105.3325045,0.20206586,0.024484182,0.49859154,1862,623,1773,1236,-1307.9324
465,2060.4847,606,802.9513,4,40.15430667,-105.3711516,0.61354405,0.4296,0.5280034,1787,552,713,428,-125.1034
719,3773.4276,965,169.2539,4,40.47449771,-105.3095581,-0.09272468,-0.19680068,0.24016899,1908,1169,2843,2298,-2399.7177
259,2326.2332,524,839.6372,4,40.48645568,-105.4533278,0.3328525,0.15355805,0.54321504,1848,547,1356,925,-875.9364
217,1561.6565,372,490.1386,4,40.11726556,-105.3748228,0.332211,0.16773242,0.49120602,1187,405,846,595,-515.1708
205,2059.8526,442,1014.5587,4,40.48865759,-105.4430769,0.49192595,0.30801105,0.63769996,1894,419,1002,645,-519.8416
546,1283.2346,557,121.9471,4,39.81870376,-105.4205169,0.6312741,0.5913371,0.25557205,845,501,217,191,180.1725
216,1466.8985,327,599.0382,4,40.458047,-105.3873248,0.40981734,0.24810511,0.5966387,1235,312,744,517,-430.2874
257,2061.9106,445,849.503,4,40.18209598,-105.3864558,0.40056247,0.22919606,0.5809524,1743,462,1093,746,-650.5798
473,3123.5871,769,754.2506,4,40.48555236,-105.4763299,0.21392758,0.07817912,0.42371774,2179,882,1863,1411,-1297.2269
491,2816.1709,677,482.6336,4,40.9228336,-105.4053461,0.08675227,-0.06895626,0.39022437,1735,761,1992,1458,-1539.9702
516,3061.3557,668,56.0634,4,40.61210147,-105.2952973,-0.2426723,-0.26367137,0.24155845,1434,876,2461,2353,-2415.4951
1014,4668.5736,1416,143.3333,4,39.38604439,-104.4167409,0.02698145,-0.10143858,0.18223733,2436,1685,2986,2308,-2150.5065
132,1235.5017,236,830.7649,4,39.9807423,-105.2897507,0.689677,0.48552337,0.7786667,1334,166,462,245,-127.023
1205,4537.9212,1435,62.0976,4,39.451882,-104.1738616,0.06727689,-0.09083821,0.16048768,2332,1687,2798,2038,-1864.8143
290,1767.868,409,673.6606,4,40.01855521,-105.3008086,0.425636,0.24,0.55247736,1457,420,893,587,-483.9746
542,2722.2677,666,367.863,4,40.18151229,-105.3110415,0.048366014,-0.08132875,0.3490328,1604,774,1888,1456,-1485.813
345,1777.9375,443,170.3152,4,40.58490551,-105.355442,0.006066734,-0.08210332,0.29388815,995,543,1173,983,-939.3176
499,2314.7509,701,718.287,4,39.61780929,-105.2539794,0.5135357,0.35214365,0.4510421,1845,698,884,593,-263.7754
322,2044.8987,469,496.1574,4,40.32583129,-105.3152344,0.21750434,0.0380495,0.4351379,1405,553,1302,903,-904.1718
601,3194.66,799,212.0377,4,40.37862905,-105.2787254,-0.034561552,-0.15773736,0.24815361,1690,1018,2323,1811,-1874.507
381,2259.1099,504,786.12,4,40.32057721,-105.3561706,0.34284642,0.18253969,0.5327904,1788,545,1236,875,-775.5716
355,2440.2059,534,701.8853,4,40.17156052,-105.2923223,0.23525281,0.048584204,0.49320883,1759,597,1596,1089,-1130.2534
461,2936.7891,680,610.3091,4,40.56178316,-105.1898268,0.17560975,-0.009758603,0.38954955,1928,847,1966,1352,-1399.504
150,731.8604,191,260.4076,4,40.27534515,-105.3859275,0.4841169,0.29922137,0.5762483,584,157,315,203,-133.395
367,2403.6215,583,306.0053,4,40.28919591,-105.4428306,0.024944974,-0.09108653,0.32354334,1397,714,1677,1329,-1341.6819
554,3042.0801,736,365.1135,4,40.45228233,-105.2135767,0.023081362,-0.07124149,0.3118757,1773,930,2045,1693,-1645.7039
707,3342.1462,924,71.5628,4,39.71317928,-105.1146813,-0.06104079,-0.16382766,0.19044222,1669,1135,2323,1886,-1856.881
374,2680.6125,572,843.3885,4,40.53925301,-105.2421931,0.26789108,0.076633506,0.5103735,2002,649,1717,1156,-1188.9153
189,1407.6215,324,390.8544,4,39.99827521,-105.3038826,0.21532847,0.062765956,0.5045181,999,329,881,645,-634.1473
860,4477.277,1162,246.4655,4,40.13261073,-105.3034236,-0.04586039,-0.15049684,0.23153484,2351,1467,3184,2577,-2589.2458
295,2442.9945,599,611.0428,4,39.44123102,-104.2370881,0.23110308,0.051915947,0.4308533,1702,677,1534,1063,-1044.9917
290,2461.1827,533,840.6746,4,39.91157978,-105.2761211,0.26812816,0.07890961,0.55758077,1880,534,1605,1085,-1137.2513
630,3906.3783,895,521.5624,4,40.04540155,-105.0871011,0.042357273,-0.13306528,0.32281625,2264,1159,2959,2080,-2308.1747
244,1697.5038,441,499.3566,4,40.16355135,-105.3535872,0.32256383,0.17120443,0.47729918,1269,449,898,650,-541.7882
446,2132.8777,698,794.3596,4,39.62875526,-105.3102998,0.7085243,0.5475301,0.4682946,1864,675,545,318,125.028
545,3252.0693,772,418.1339,4,40.94633218,-105.2066063,0.032275863,-0.13017201,0.32977968,1871,943,2431,1754,-1913.758
193,1763.2604,336,888.036,4,40.10898705,-105.3423921,0.48443222,0.27537373,0.6600102,1621,332,921,563,-508.6756
352,2394.1536,553,781.1478,4,40.08808965,-105.3700879,0.31616595,0.14392291,0.51129365,1840,595,1377,956,-886.2949
637,3791.5753,943,401.9923,4,40.91595358,-105.4391486,-0.002106249,-0.12515388,0.3023824,2132,1142,2742,2141,-2216.3777
409,2617.1448,602,663.5676,4,40.37688656,-105.3250141,0.18699187,0.047646385,0.4617541,1825,672,1659,1250,-1221.3671
138,1159.1962,231,553.6326,4,40.10743845,-105.316688,0.4655295,0.25731707,0.6682848,1031,205,609,376,-342.3014
371,2541.2101,577,742.1835,4,40.3978762,-105.2537052,0.23930481,0.07447117,0.49818182,1854,621,1597,1138,-1128.8097
-167,1291.7509,192,118.876,4,40.62557262,-105.3113187,-0.3513233,-0.3176856,0.36911282,625,288,1207,1302,-1367.5061
414,2652.0247,625,479.8909,4,40.96648924,-105.2615749,0.108957216,-0.057654075,0.3842303,1659,738,1862,1333,-1408.7015
192,1096.1461,259,-66.6083,4,40.67942047,-105.3797283,-0.3546945,-0.3191824,0.16085792,433,313,839,909,-876.6357
458,2884.8826,644,727.2368,4,40.33461057,-105.3629549,0.18831943,0.01916688,0.45973647,1994,738,1919,1362,-1405.9915
199,1828.605,423,810.159,4,39.9996765,-105.3787479,0.46539164,0.29705763,0.5954388,1609,408,872,587,-449.233
436,3063.4657,684,812.4209,4,40.72209037,-105.4623823,0.20514254,0.032814372,0.46417657,2156,789,2019,1422,-1460.3977
479,2938.9823,679,540.3406,4,40.73185466,-105.453568,0.100598805,-0.06818758,0.3950664,1838,797,2107,1502,-1615.9952
423,2956.6416,666,824.8795,4,40.16937746,-105.3909639,0.22668207,0.056979347,0.47653806,2124,753,1895,1339,-1346.8765
376,2102.0106,523,696.8485,4,39.63946367,-105.3470578,0.4019401,0.23706736,0.49326146,1662,564,1025,709,-542.8138
501,3172.4369,799,678.2099,4,40.4018218,-105.3898306,0.18843022,0.021975368,0.40458015,2116,897,2025,1445,-1424.2214
122,1111.4449,232,552.6464,4,40.32488639,-105.2604944,0.5048327,0.29494563,0.67688483,1012,195,551,333,-284.0127
6,1416.419,297,958.5201,4,40.52431994,-105.4464993,0.7191257,0.6158192,0.690489,1573,288,374,257,9.3228
587,2422.7651,802,530.1213,4,40.2577571,-105.3918249,0.4932318,0.33308157,0.34578726,1765,858,883,599,-204.5641
167,1738.6845,370,925.6193,4,39.62297417,-105.2403663,0.5788978,0.38914216,0.6423322,1676,365,737,447,-289.3533
563,3165.0367,746,631.3726,4,40.37798145,-105.3200716,0.14087632,-0.01058201,0.40170357,2057,878,2101,1549,-1563.4315
255,1823.8974,397,644.0523,4,40.59253119,-105.3359829,0.31653687,0.16309187,0.5476575,1437,420,1034,746,-683.2713
603,3210.9064,753,503.77,4,40.00309885,-105.3193686,0.055254605,-0.072160035,0.37376586,1948,888,2251,1744,-1794.6231
410,1332.1874,444,166.711,4,40.34498663,-105.4820512,0.32705882,0.22875817,0.30053803,846,455,531,429,-219.3952
312,2310.7205,586,645.9399,4,40.4194036,-105.4595963,0.28717366,0.14699933,0.45074627,1701,644,1265,942,-803.7836
113,897.3903,199,424.4863,4,40.10781586,-105.3716028,0.51606804,0.3267163,0.6587384,802,165,407,256,-189.9443
717,2585.3939,848,513.8712,4,39.64948465,-105.3404642,0.45772132,0.30676156,0.33868027,1836,907,974,683,-277.1863
164,1294.6782,265,608.9572,4,40.1239171,-105.3199332,0.4687101,0.2658228,0.65229887,1150,242,667,416,-367.1504
364,2343.8711,547,491.5967,4,40.25477784,-105.3039686,0.14554344,-0.030553788,0.4213719,1523,620,1619,1136,-1201.7995
396,2414.7555,546,461.0723,4,40.36369432,-105.306224,0.11111111,-0.06547802,0.40480593,1520,644,1733,1216,-1319.9392
294,2093.788,512,888.3362,4,40.55837481,-105.2723823,0.58208954,0.37611276,0.5217391,1855,583,841,490,-253.5977
401,2669.59,600,708.3979,4,40.52369757,-105.3055342,0.21008404,0.02603453,0.47343567,1872,669,1777,1222,-1277.338
397,2747.7167,606,575.8573,4,41.01860543,-105.2792647,0.10104103,-0.012630423,0.41519088,1798,743,1844,1468,-1460.5939
511,3382.4356,836,459.7977,4,39.46057191,-104.2187436,0.057355285,-0.09664247,0.32424343,1991,1016,2417,1775,-1862.6969
179,1363.6985,322,766.6818,4,39.65279844,-105.3156526,0.666463,0.48908296,0.67464703,1364,265,468,273,-92.5265
483,3088.4155,723,784.6116,4,40.36938824,-105.3899971,0.2102018,0.045773797,0.4519166,2159,815,1970,1409,-1401.4457
369,2487.3719,544,652.202,4,40.40729477,-105.2717723,0.1874785,0.00729501,0.47963995,1726,607,1701,1181,-1256.2227
342,2266.8589,498,660.812,4,40.32062777,-105.2294043,0.23633622,0.05161911,0.50527763,1640,539,1479,1013,-1051.2259
871,4458.2737,1205,-64.0942,5,40.60456054,-104.6211685,-0.15088013,-0.26273653,0.14982975,2026,1498,3470,2746,-2916.345
883,4220.7966,1169,57.9816,5,39.77406259,-105.2468461,-0.11092077,-0.17455268,0.19654179,2076,1394,2954,2594,-2510.1158
928,4503.0892,1250,-27.6785,5,39.86539087,-105.262256,-0.104773976,-0.22081265,0.15069237,2119,1564,3320,2615,-2688.8144
555,3016.1102,689,437.786,5,40.66451364,-105.3924208,0.018889524,-0.1064257,0.37028483,1780,818,2204,1714,-1809.0269
422,2454.8345,593,566.6778,5,40.04773629,-105.3048055,0.18416402,0.051805336,0.4359194,1675,658,1510,1154,-1092.245
745,3727.9192,958,214.8918,5,39.89320301,-105.2746437,-0.050475493,-0.16437769,0.246878,1947,1176,2713,2154,-2216.5581
595,3626.1726,843,441.3713,5,40.48901133,-105.2282067,-2.37E-04,-0.08625921,0.31135303,2108,1107,2506,2109,-2076.1873
308,1767.7706,437,345.3971,5,40.06044901,-105.3013445,0.17653114,0.008381121,0.3947529,1143,496,1124,800,-788.3127
808,3176.622,1064,19.5543,5,40.49994172,-105.294805,0.10347108,0.003607937,0.13306178,1669,1277,1657,1356,-1007.7482
860,4084.0334,1063,4.1327,5,40.96209696,-105.1478318,-0.15318958,-0.26682225,0.19115324,1885,1280,3257,2567,-2785.7392
715,4081.1637,1054,507.9694,5,40.09430619,-105.3701216,0.07232143,-0.07007356,0.30401736,2402,1282,2764,2078,-2079.8543
875,4636.5699,1139,141.1995,5,39.61122187,-105.1578484,-0.13679786,-0.2379828,0.22605155,2259,1426,3670,2975,-3190.8128
464,2413.8387,581,69.5886,5,40.86863049,-105.2736496,-0.12687688,-0.24259199,0.22356655,1163,738,1908,1501,-1628.6855
971,5274.0946,1394,92.9654,5,40.1432697,-104.2479584,-0.11614441,-0.1904539,0.18601462,2595,1781,3816,3277,-3251.3422
768,3933.4479,1053,84.9253,5,40.54607404,-105.2092685,-0.082542695,-0.20099153,0.1908867,1934,1314,2907,2282,-2363.0685
816,4118.1418,1102,48.7852,5,40.64157156,-105.1488963,-0.08970252,-0.21398933,0.17414404,1989,1399,3072,2381,-2486.7792
932,4552.9486,1179,70.7927,5,40.75263088,-105.1622931,-0.12743926,-0.22702417,0.20087695,2191,1458,3478,2831,-2964.5669
558,2793.4432,733,38.9731,5,40.93453432,-105.1456322,-0.1041456,-0.23730272,0.19246298,1329,900,2156,1638,-1766.4142
828,3981.3292,1066,18.696,5,39.79874924,-105.200678,-0.12960437,-0.19849247,0.18075262,1914,1328,2862,2484,-2451.0895
369,1895.9897,511,17.7644,5,40.47754216,-105.2816115,-0.09392265,-0.21291448,0.18295082,902,623,1390,1089,-1124.7343
721,4060.9035,1189,181.2871,5,39.86110609,-105.3495748,0.031761307,-0.1138665,0.18781163,2144,1466,2695,2012,-1947.368
818,4085.3799,1152,-60.1051,5,40.70252973,-105.3354697,-0.16290288,-0.20041884,0.1601337,1909,1382,2866,2652,-2522.5545
567,3013.9811,766,71.1619,5,40.79377822,-105.2701416,-0.08805419,-0.20226233,0.18669872,1481,1015,2232,1767,-1827.8649
824,4302.8872,1079,163.675,5,40.28072449,-105.3937219,-0.09444212,-0.19292365,0.21775779,2167,1392,3203,2619,-2699.1377
496,3232.1012,749,682.378,5,39.65948878,-105.4219984,0.15538712,-0.001637427,0.39934427,2134,916,2141,1560,-1574.2006
1026,5129.1344,1358,191.7042,5,39.94376295,-105.2685248,-0.052170742,-0.18609023,0.20696864,2598,1707,3786,2884,-3018.6315
680,4115.4265,929,255.6296,5,40.50923448,-105.2509375,-0.11087778,-0.20711611,0.2545185,2117,1258,3223,2645,-2815.4607
571,3217.2061,747,367.5747,5,40.25337287,-105.3237169,-0.0033241,-0.15717967,0.32328063,1799,920,2470,1811,-1998.4102
737,3617.0221,915,-35.6551,5,40.36824588,-105.2030638,-0.19246966,-0.27923945,0.17987694,1630,1133,2893,2407,-2565.8507
983,5069.3263,1310,211.431,5,40.7951507,-105.3611839,-0.08147882,-0.20018753,0.22763252,2559,1610,3840,3013,-3182.2275
745,4436.1676,1084,370.406,5,40.14421579,-104.2690794,-0.055304073,-0.15507834,0.27965876,2400,1351,3281,2681,-2767.1677
693,3973.5632,973,556.5239,5,40.11487223,-105.3624881,0.058136925,-0.09136469,0.33920455,2357,1163,2831,2098,-2198.89
897,4771.1468,1201,282.823,5,39.54681208,-105.205886,-0.061742425,-0.18626806,0.24817334,2477,1492,3611,2803,-2976.609
801,3786.624,1026,181.3649,5,40.42375935,-105.2810334,-0.029872674,-0.13568935,0.22510822,1981,1253,2603,2103,-2065.9355
492,2392.2684,670,86.5937,5,39.5347042,-104.8288266,-0.013960909,-0.12059765,0.2005828,1236,823,1575,1271,-1206.8699
879,4272.3879,1160,2.1563,5,40.87397677,-105.3883144,-0.107401714,-0.21468599,0.16213898,2032,1465,3143,2521,-2577.9655
832,4426.1307,1138,299.572,5,40.16050939,-105.2799451,-0.04397394,-0.1593269,0.2586438,2348,1383,3238,2564,-2650.2253
745,4328.9799,1005,65.8,5,40.62014849,-105.1970856,-0.20015714,-0.26245245,0.21154419,2036,1325,3485,3055,-3215.4771
315,1363.6293,388,-35.9774,5,40.88704519,-105.2573447,-0.099415205,-0.20618556,0.13548388,616,469,936,752,-735.1854
682,4275.8783,1157,372.9803,5,40.39328174,-104.9574633,0.04186448,-0.07135988,0.24017467,2414,1479,2785,2220,-2096.0849
934,4024.2668,1159,300.1336,5,39.72450458,-105.2869251,0.05307656,-0.062120896,0.25567067,2242,1329,2539,2016,-1872.0533
779,4129.4806,1012,-107.7568,5,40.71260086,-105.3980305,-0.26478875,-0.26846847,0.16815856,1827,1301,3168,3143,-3095.6525
858,4381.8002,1160,214.5069,5,40.43071603,-105.3086499,-0.043331932,-0.1601108,0.22455573,2274,1440,3141,2480,-2521.7494
667,3825.3242,1057,249.8508,5,40.05570899,-104.1704851,0.003870344,-0.10192599,0.22890139,2075,1302,2546,2059,-1968.4564
720,3625.6259,931,134.3216,5,40.42629799,-105.2332996,-0.096548274,-0.2080684,0.23108384,1806,1128,2755,2192,-2312.962
1039,5310.7904,1464,90.1283,5,40.48537387,-105.1350996,-0.072252795,-0.19414033,0.17755745,2613,1825,3872,3020,-3097.6755
546,2730.6761,729,15.2773,5,40.91858686,-105.1477348,-0.12013652,-0.229758,0.18365473,1289,889,2058,1641,-1713.2033
471,3050.1464,738,392.339,5,39.59513512,-105.2388724,0.063487336,-0.093495935,0.30314097,1784,954,2152,1571,-1634.7911
875,3351.8546,1102,-168.583,5,39.75499835,-105.1770872,-0.09271137,-0.11009437,0.09732017,1556,1280,1941,1874,-1522.5792
677,3152.3997,785,51.2267,5,40.30474954,-105.1919297,-0.14170274,-0.25742823,0.21735571,1487,956,2518,1978,-2159.3905
763,4268.2874,1092,587.5615,5,40.3881859,-105.343095,0.07783418,-0.07024266,0.3295069,2548,1285,2933,2180,-2222.0855
631,3315.2506,837,233.696,5,40.9275221,-105.3775818,-0.050013665,-0.18480301,0.2751284,1738,988,2526,1921,-2070.9641
754,3898.7551,976,194.7812,5,39.94765371,-105.3317533,-0.075996295,-0.18959561,0.23774053,1994,1228,2927,2322,-2435.351
564,3187.1656,718,167.2876,5,40.61095033,-105.2023781,-0.16307206,-0.23047158,0.27945316,1591,896,2544,2211,-2340.2405
1010,5025.1512,1309,63.9665,5,40.70363822,-105.3258868,-0.14069378,-0.20104781,0.19490695,2440,1644,3668,3239,-3213.4629
762,4282.6997,978,57.5652,5,40.47414441,-105.2292181,-0.21247022,-0.2851478,0.2195572,1983,1269,3565,3053,-3299.4777
691,3909.9807,1016,380.0054,5,40.28612396,-105.3955179,0.006637675,-0.101715684,0.2859649,2199,1221,2697,2170,-2151.4087
651,3518.0431,818,108.1634,5,40.56959727,-105.3224004,-0.17464232,-0.27465856,0.24943988,1673,1005,2940,2381,-2638.7708
1040,4923.5439,1297,-204.2517,5,40.54775153,-104.0485904,-0.24568103,-0.3229966,0.14585635,2074,1546,4053,3425,-3676.1704
796,3601.4804,1051,170.9352,5,39.94810385,-105.0753884,0.041812785,-0.07959962,0.20424072,1931,1276,2265,1776,-1634.4183
638,4052.7622,968,301.5742,5,40.65794423,-105.4161594,-0.09353741,-0.18827337,0.27894422,2132,1202,3121,2572,-2711.1638
626,3566.4182,838,600.2968,5,40.34004879,-105.3523877,0.08461158,-0.076080084,0.37774983,2192,990,2553,1850,-1972.5806
725,3857.5116,990,58.1732,5,39.76492942,-105.3322757,-0.13743638,-0.21350211,0.19410634,1864,1258,2876,2458,-2494.1529
819,4196.914,1112,-0.0602,5,40.90443975,-105.2086131,-0.13790074,-0.24296182,0.1719403,1963,1387,3223,2591,-2722.6377
873,4103.1251,1112,145.9561,5,40.62066909,-105.2084371,-0.073529415,-0.17121786,0.2254642,2079,1314,2938,2409,-2423.4765
300,1949.2197,445,207.9112,5,40.63232397,-105.1889622,0.04255319,-0.15517241,0.27649498,1078,611,1474,990,-1111.4623
800,4230.9526,1105,144.7892,5,40.78686557,-105.3302046,-0.083986074,-0.20894401,0.21430631,2105,1362,3217,2491,-2644.6898
531,2762.8812,742,-0.4863,5,40.99509984,-105.1197273,-0.11884258,-0.254662,0.17017384,1279,907,2153,1624,-1760.4794
914,4605.3147,1214,240.6152,5,40.06181316,-105.2964257,-0.02207686,-0.17102756,0.22384241,2392,1517,3379,2500,-2637.0357
806,4191.7606,1054,287.5857,5,40.44916901,-105.3748915,-0.06413808,-0.18561098,0.27600232,2196,1246,3197,2497,-2667.5231
502,3161.5478,872,492.7138,5,39.38906429,-104.1592749,0.17227016,-0.005301692,0.32214764,1970,1010,1991,1391,-1340.211
185,834.9789,234,13.6239,5,40.76459487,-105.2682462,0.005037783,-0.17476732,0.20180723,399,265,568,395,-405.0666
568,2869.4726,755,52.7003,5,40.36084091,-105.2570996,-0.098445594,-0.21110797,0.19536282,1392,937,2137,1696,-1762.0792
926,4464.9428,1206,191.3009,5,40.38730039,-105.2692177,-0.051759835,-0.16818017,0.22623828,2290,1445,3216,2540,-2592.7606
466,2524.712,558,-12.8556,5,40.57505396,-105.1721421,-0.29153407,-0.30632597,0.23942094,1113,683,2096,2029,-2109.113
850,4325.807,1139,-119.7979,5,40.77520477,-105.2362933,-0.20220199,-0.30157554,0.14563698,1884,1405,3511,2839,-3067.5759
209,728.9212,230,2.1959,5,39.60818339,-105.3206918,0.09422492,-0.029649595,0.17839608,360,251,382,298,-232.7027
826,4083.473,1055,145.9027,5,40.56184109,-105.1504914,-0.077062555,-0.2079362,0.21843208,2036,1306,3105,2376,-2537.7496
828,4111.711,1105,-103.4805,5,40.57834383,-103.7185169,-0.17778793,-0.30122355,0.14585987,1799,1341,3350,2577,-2841.055
634,3148.5794,790,114.6821,5,40.78194878,-105.3479573,-0.09398716,-0.22574209,0.22979398,1552,972,2457,1874,-2040.2001
465,2450.2497,608,51.3531,5,40.80424058,-105.3014822,-0.113645,-0.2504018,0.2026818,1166,773,1945,1465,-1613.859
1126,5452.3907,1631,-42.9739,5,39.43605827,-104.4177185,-0.07506562,-0.15720664,0.13946971,2643,1996,3629,3072,-2869.8511
631,3034.918,764,87.7614,5,39.83351743,-105.2523178,-0.11218627,-0.24114758,0.2289661,1468,921,2401,1839,-2016.3289
913,4370.8607,1181,-20.9218,5,39.92166694,-105.2371948,-0.14561883,-0.24028401,0.17412648,2033,1430,3319,2726,-2827.0138
846,3864.2995,968,590.057,5,39.60575111,-105.1997703,0.1620438,-0.027291242,0.32814237,2388,1208,2522,1722,-1738.9441
322,1958.8707,543,180.7349,5,39.51852987,-104.7140406,0.06758757,-0.11456628,0.27144536,1082,620,1362,945,-984.3377
969,4279.0433,1159,117.924,5,39.50452699,-104.9196263,-0.057742782,-0.16833977,0.20301592,2154,1427,3026,2418,-2426.8883
868,5243.3345,1347,46.0242,5,41.14504693,-105.5783089,-0.14445385,-0.21074831,0.1686329,2526,1797,3875,3379,-3372.9855
545,3268.7701,812,489.5597,5,39.79380568,-105.2416606,0.0701087,-0.07297552,0.35233516,1969,943,2279,1711,-1762.1299
695,3793.8779,940,263.2448,5,40.21260495,-105.3073056,-0.033147834,-0.17997128,0.252272,1998,1193,2875,2135,-2305.8906
853,4334.7921,1124,101.3134,5,40.33908117,-105.1881416,-0.1034918,-0.20529555,0.19921215,2131,1423,3232,2623,-2707.0287
1018,5063.9652,1372,60.4719,5,40.49644427,-105.1439726,-0.09604728,-0.21495028,0.1798457,2447,1701,3787,2967,-3093.6194
610,3276.2892,831,200.2295,5,40.93714246,-105.2072904,-0.053591162,-0.16763848,0.24945295,1713,1029,2403,1907,-1972.8896
807,3738.8191,996,-30.8329,5,41.01526611,-105.1946906,-0.15395966,-0.24939996,0.17326057,1720,1212,2863,2346,-2449.8199
307,1592.0529,408,177.0326,5,40.50669697,-105.1574497,0.080213904,-0.076219514,0.3004292,909,489,1059,774,-774.1176
750,4018.0177,985,281.7738,5,40.86530834,-105.3943156,-0.07588312,-0.17323449,0.2749699,2119,1205,3007,2467,-2563.4134
1042,5063.3322,1410,27.8561,5,41.01647634,-105.4415995,-0.08607548,-0.18971485,0.1635503,2458,1767,3609,2921,-2914.4253
414,1312.1526,439,-53.3638,5,41.21666591,-105.6286851,-8.33E-04,-0.13606912,0.13207547,600,460,789,601,-535.7716
860,4066.8101,1051,45.0897,5,40.7593971,-105.1552011,-0.14615726,-0.24642228,0.20842503,1922,1259,3179,2580,-2745.4665
691,3930.8785,887,190.1095,5,40.39851537,-105.2038617,-0.1562228,-0.2507728,0.26525286,1939,1126,3237,2657,-2910.6464
1047,4992.7076,1449,-140.406,7,40.65939454,-103.7407437,-0.15330945,-0.24866131,0.13757284,2245,1702,3731,3058,-3126.1924
900,4738.6758,1216,-81.4531,7,40.53281851,-104.0403005,-0.21113603,-0.28610078,0.16726568,2111,1506,3803,3241,-3423.9195
1078,5564.1462,1542,46.0974,7,41.0696048,-104.5306686,-0.09668785,-0.19821826,0.16959064,2700,1917,4035,3278,-3304.1379
1101,5128.4549,1532,-74.5822,7,39.45509072,-104.168942,-0.08274681,-0.20323859,0.13780084,2411,1827,3641,2846,-2851.1663
723,4021.8644,1000,54.7919,7,39.85911268,-104.6182848,-0.1446626,-0.26063207,0.19144922,1895,1286,3231,2536,-2763.4688
918,4575.2337,1289,63.9878,7,40.68279725,-105.2256712,-0.083704,-0.16568483,0.18020834,2266,1574,3166,2680,-2591.4068
832,3846.3345,1003,-97.98,7,40.7486522,-105.094764,-0.20946579,-0.29058033,0.16344827,1687,1213,3069,2581,-2734.8007
830,4158.7182,1165,-31.475,7,40.24943873,-105.120167,-0.12956367,-0.21343794,0.15886189,1955,1419,3016,2537,-2530.0826
1234,5576.0135,1615,-198.2169,7,40.88060667,-103.635084,-0.14576857,-0.2602453,0.1205256,2473,1941,4213,3317,-3455.0459
1641,6377.3114,1982,-306.8345,7,40.4064801,-104.2842812,-0.13373494,-0.19360718,0.108498745,2876,2313,4257,3764,-3487.0211
945,4786.1214,1282,-77.4064,7,40.81300857,-104.9703576,-0.17240068,-0.25496235,0.1542948,2177,1595,3667,3084,-3182.3646
1287,6173.4399,1760,-76.6487,7,40.72252125,-103.7061646,-0.11588244,-0.20888405,0.14449044,2903,2170,4436,3664,-3644.2306
1209,5653.1484,1555,-31.4792,7,41.18891335,-105.0542565,-0.118885756,-0.22615407,0.15975557,2657,1925,4210,3374,-3477.7806
1063,6114.2995,1560,191.7574,7,40.17941831,-104.7155138,-0.11019126,-0.15298913,0.19516872,3117,2099,4243,3889,-3692.0075
928,4555.3097,1303,-141.6661,7,40.70001291,-103.7481461,-0.16430187,-0.25417507,0.13108823,2032,1561,3417,2831,-2890.0387
718,4006.2419,957,284.2475,7,39.53661672,-104.538367,-0.06477733,-0.21279818,0.27078238,2079,1193,3203,2367,-2650.2692
797,4180.2429,1115,-85.5258,7,40.374093,-104.3372785,-0.18908381,-0.26946342,0.15235457,1872,1377,3253,2745,-2854.3301
1038,4976.3961,1354,-99.0732,7,39.37117437,-104.1525241,-0.1654275,-0.26272577,0.15069196,2245,1657,3845,3135,-3284.2531
827,3947.405,1076,-112.758,7,40.96309325,-104.5221547,-0.19211137,-0.27548897,0.14917491,1741,1289,3065,2569,-2676.5401
908,4104.7073,1203,147.477,7,41.11346076,-104.8744598,0.08164794,-0.096370466,0.16608344,2166,1549,2628,1839,-1757.5087
860,4253.4785,1158,-44.3931,7,40.64618334,-103.8204692,-0.13730684,-0.2523436,0.15621302,1954,1426,3273,2576,-2725.1681
1101,5068.5213,1398,-167.7809,7,40.87946399,-104.7363942,-0.19322278,-0.26695055,0.14096355,2238,1685,3868,3310,-3388.2012
843,4960.6162,1255,353.2998,7,40.20926787,-104.5088058,-0.041517537,-0.13220999,0.24558139,2678,1622,3494,2910,-2880.7825
745,3878.2989,1033,-53.4203,7,40.15560375,-104.0505634,-0.1762198,-0.28214654,0.16554959,1739,1245,3106,2483,-2677.3147
895,4040.0514,1098,-109.8186,7,40.65056495,-105.0701409,-0.1893116,-0.271321,0.15558425,1790,1308,3123,2626,-2729.7888
891,4241.9284,1142,-113.6916,7,40.83670791,-104.0885937,-0.18266253,-0.30421686,0.14889649,1848,1369,3464,2674,-2950.1454
952,4755.0583,1251,-160.2469,7,40.52591674,-103.9915224,-0.22224323,-0.29984677,0.14285715,2056,1542,3817,3231,-3415.9621
1051,5071.0796,1502,-139.2175,7,40.65919354,-105.0974764,-0.13995568,-0.21037464,0.130857,2329,1790,3570,3087,-2983.984
1147,5733.3409,1608,-103.7294,7,40.33563773,-103.8732206,-0.14290312,-0.21549566,0.13827741,2663,2016,4126,3551,-3491.7756
939,4854.2326,1287,-113.3549,7,40.43538054,-104.0232948,-0.20892791,-0.2721764,0.15614973,2162,1578,3779,3304,-3399.0824
1093,5440.9794,1455,-137.0133,7,40.5204952,-103.9296277,-0.1974901,-0.26630434,0.1481219,2430,1803,4194,3626,-3720.716
1012,5112.2969,1380,89.1776,7,39.90906459,-104.0459034,-0.102280825,-0.18728827,0.18932955,2519,1717,3680,3093,-3081.2193
944,5360.8232,1418,100.6839,7,40.19581918,-104.3097632,-0.11897641,-0.18305084,0.18533422,2651,1822,3839,3367,-3296.2516
941,4967.6519,1310,48.1117,7,39.76038094,-104.5971162,-0.1412552,-0.22607987,0.18967678,2374,1617,3761,3155,-3245.6927
722,3889.9607,1038,31.7146,7,39.68241434,-104.4383941,-0.1253837,-0.22768974,0.18036966,1852,1286,2944,2383,-2476.193
919,4631.4642,1216,-116.5165,7,40.55166209,-104.0641248,-0.2064416,-0.2835873,0.15211268,2045,1505,3664,3109,-3259.4688
1069,5516.732,1460,-49.5691,7,40.50805566,-103.7662402,-0.16682959,-0.23966697,0.16148081,2557,1846,4169,3581,-3642.9349
806,3962.2012,1010,-78.7927,7,40.40267612,-104.4833623,-0.22823942,-0.2783928,0.17725752,1760,1230,3118,2801,-2885.1729
498,2448.5525,690,34.0577,7,41.00876957,-104.4618896,-0.052797478,-0.17246127,0.17555012,1202,843,1703,1336,-1326.245
600,2944.5102,764,162.8979,7,39.87294724,-104.9058674,-0.030283911,-0.15595827,0.23702213,1537,948,2105,1633,-1673.2697
1083,5248.3822,1402,-114.5409,7,40.75961202,-103.6645734,-0.18057503,-0.28147578,0.15208282,2337,1720,4168,3367,-3597.21
1199,5567.5354,1609,-183.434,7,40.46832564,-103.9286871,-0.1527871,-0.22405043,0.12258065,2523,1972,3980,3433,-3355.3161
868,4308.0145,1212,-49.783,7,39.66629483,-104.6774075,-0.12896954,-0.21311475,0.15002853,2016,1490,3108,2613,-2595.8673
523,2093.5454,603,-69.1237,7,41.07407101,-104.7491886,-0.12950972,-0.21550646,0.13647343,941,715,1458,1221,-1191.1811
809,4444.3984,1144,54.8324,7,40.20651436,-104.6424295,-0.1445226,-0.227446,0.1901566,2128,1448,3381,2847,-2933.4352
950,4737.6364,1264,-170.3594,7,40.45722751,-104.018025,-0.22597797,-0.30193526,0.14269695,2038,1529,3801,3228,-3407.2473
1036,5029.7434,1364,-89.6409,7,40.85933349,-104.8062413,-0.15944159,-0.2532637,0.14917128,2288,1694,3840,3156,-3273.488
810,4522.7138,1227,-36.8902,7,40.20867353,-104.4375997,-0.14914034,-0.21112141,0.14964885,2128,1574,3267,2874,-2816.3825
1133,5293.0629,1399,-25.7786,7,40.81802512,-103.6680269,-0.13686806,-0.25497946,0.1669445,2450,1749,4127,3227,-3456.043
964,4353.8468,1240,-166.1454,7,40.99048231,-105.1404053,-0.16216215,-0.2570545,0.12037307,1922,1509,3252,2666,-2723.8392
917,4465.8579,1219,-61.0038,7,39.47973785,-104.2994543,-0.15704197,-0.26258403,0.16241765,2029,1462,3474,2785,-2949.9906
957,4615.0216,1307,16.3737,7,39.37966054,-104.3352876,-0.09120721,-0.20352075,0.16992085,2217,1573,3350,2662,-2706.6201
965,5280.6575,1386,-7.692,7,40.2224056,-104.3747238,-0.14570656,-0.19765042,0.1552,2527,1848,3772,3389,-3282.6595
1190,5622.287,1591,4.3109,7,40.96468956,-104.7827596,-0.0726106,-0.16787879,0.14871366,2746,2035,3854,3176,-3062.1506
1078,4859.5428,1354,-226.9685,7,40.81368639,-103.955164,-0.21350019,-0.29263303,0.12595005,2074,1610,3790,3200,-3328.206
1350,6479.5179,1916,-133.744,7,40.46372526,-103.9280525,-0.1180485,-0.19314559,0.13194185,3037,2329,4491,3850,-3689.1206
959,4465.6696,1168,-184.3899,7,40.58196016,-104.3919478,-0.2513348,-0.31025687,0.14936247,1893,1401,3596,3164,-3314.7258
933,4287.074,1239,-152.0891,7,40.86049012,-103.6479552,-0.14441417,-0.27272728,0.12142857,1884,1476,3297,2520,-2682.3186
1028,4434.674,1220,-251.317,7,40.8375035,-103.9590601,-0.24422443,-0.31946507,0.12392638,1832,1428,3552,3016,-3181.7828
1181,5759.1043,1574,22.7418,7,40.62759002,-103.7995138,-0.09859155,-0.19630484,0.16193657,2784,2008,4144,3393,-3395.5373
1243,6345.0152,1854,-58.2728,7,40.49667762,-104.0493123,-0.106156796,-0.18792756,0.14420715,3027,2264,4428,3746,-3622.7076
766,4311.925,1088,252.9073,7,40.17455681,-104.0221117,-0.082149476,-0.18886463,0.25506756,2229,1323,3267,2628,-2759.8855
732,4114.0471,1015,218.5115,7,40.24210862,-104.2771978,-0.101133205,-0.19755678,0.25007433,2102,1261,3137,2575,-2696.4486
1084,4864.1559,1392,-127.9245,7,41.1392005,-104.9809352,-0.12086159,-0.24378109,0.12736572,2204,1706,3625,2810,-2919.551
1682,6895.0586,2157,-150.7385,7,40.89352922,-104.5625429,-0.031002162,-0.11158118,0.10909391,3360,2699,4204,3575,-3098.6289
745,4073.1874,1095,254.8854,7,39.71433461,-104.0317925,-0.025675373,-0.12210823,0.23766308,2182,1344,2789,2297,-2236.1265
754,4438.2885,1090,585.142,7,39.60250274,-104.79756,0.03882726,-0.07983857,0.3242424,2622,1338,3077,2426,-2441.2431
835,3887.3118,1119,-50.7007,7,39.91070612,-105.1676596,-0.10046902,-0.20730911,0.14411303,1822,1363,2775,2229,-2228.2778
1106,5077.893,1394,-199.5998,7,41.00405386,-104.9221132,-0.20405944,-0.28897524,0.13341935,2196,1679,3981,3322,-3480.2855
909,4358.5116,1184,-71.2213,7,40.65073101,-103.9264847,-0.16466372,-0.25456256,0.1591574,1981,1437,3334,2762,-2865.4632
809,4279.1076,1126,63.2721,7,40.71141113,-104.7576578,-0.07883633,-0.21794872,0.1677928,2074,1478,3230,2429,-2579.2699
1295,6191.9909,1744,-121.7372,7,40.95002263,-105.0426543,-0.11481315,-0.16399716,0.118104264,2949,2326,4106,3714,-3401.1009
1142,5610.7583,1530,-17.1992,7,40.96785059,-104.0639735,-0.12843138,-0.20848791,0.16133246,2667,1926,4072,3453,-3439.6531
1044,5200.4869,1384,-111.3499,7,40.61783512,-103.9057318,-0.20158648,-0.27904078,0.16185696,2315,1670,4107,3484,-3652.0853
879,4329.3839,1212,-27.0057,7,39.57594596,-104.5733856,-0.10773298,-0.2306231,0.15417498,2025,1484,3239,2514,-2622.6548
881,4851.0421,1239,56.6436,7,40.7647228,-104.5911137,-0.14529915,-0.24664265,0.18955262,2300,1567,3806,3082,-3274.7658
1495,6258.8824,1970,-203.7109,7,40.80959116,-104.147297,-0.07099201,-0.13962264,0.10514542,2964,2400,3926,3417,-3018.2966
1037,4971.9379,1362,-137.3416,7,40.86650178,-105.0696562,-0.17760475,-0.26373443,0.14006682,2218,1673,3807,3176,-3281.9717
958,5123.1341,1339,201.0814,7,40.84395922,-104.8251474,-0.045970794,-0.1505618,0.19296664,2646,1790,3584,2901,-2866.4126
980,4489.7955,1289,-94.2585,7,39.82872364,-105.2168918,-0.12775892,-0.23420906,0.14198388,2055,1544,3312,2657,-2715.7876
838,4866.1883,1177,334.4163,7,40.18869558,-104.4423462,-0.091295116,-0.17067657,0.26720947,2568,1485,3625,3084,-3153.0197
1075,4767.2558,1381,-184.9769,7,41.12350396,-105.0745732,-0.15416917,-0.24773252,0.11845584,2115,1667,3508,2886,-2916.342
900,4439.6376,1222,-131.0643,7,40.5542363,-103.8146437,-0.1574871,-0.2817315,0.12561081,1958,1521,3494,2690,-2896.9417
1135,5430.3429,1486,-164.3133,7,40.68556099,-103.7363461,-0.1860899,-0.27533606,0.13885592,2399,1814,4222,3496,-3653.2503
1008,4762.9139,1286,-104.9563,7,40.52236462,-104.1551976,-0.16527157,-0.26145366,0.14499332,2144,1601,3662,2993,-3123.9128
708,3957.8129,1089,139.5926,7,40.06067867,-104.2245958,-0.04728628,-0.13015738,0.1913778,2045,1388,2657,2248,-2127.8434
1203,5399.8305,1537,-90.6411,7,41.11162971,-104.9577177,-0.110167995,-0.21522146,0.13897692,2516,1902,3896,3139,-3156.1714
983,4564.5212,1296,-160.4981,7,40.68178977,-104.6015611,-0.18431689,-0.25808823,0.13594146,2018,1535,3422,2930,-2963.7
802,4087.4048,1093,-95.7992,7,40.94771745,-105.1866506,-0.18171634,-0.26798958,0.14375196,1826,1367,3163,2637,-2743.3853
838,4501.5322,1182,-15.9778,7,40.18695778,-104.08431,-0.16563684,-0.24385838,0.1715645,2093,1480,3443,2924,-3008.6147
1058,4921.3829,1340,-209.0409,7,40.66155856,-104.0519436,-0.23017903,-0.29472804,0.13891892,2107,1593,3868,3367,-3487.0262
785,4005.0953,990,171.4681,7,40.30415936,-105.219817,-0.09350591,-0.18873577,0.22793229,2031,1277,2976,2450,-2521.3786
652,3295.7784,919,8.4392,7,39.99587064,-104.0186911,-0.12951049,-0.2235529,0.18688025,1556,1066,2452,2019,-2067.7212
970,4756.7,1282,-37.6996,7,41.01691168,-104.6038303,-0.14674442,-0.25059748,0.1650743,2195,1573,3663,2950,-3100.4663
1126,5697.985,1603,-109.0045,7,40.72052499,-104.3288818,-0.14716369,-0.22412267,0.13871457,2631,1990,4151,3539,-3515.348
992,4607.1762,1215,-124.2168,7,41.06691667,-104.696012,-0.20903733,-0.2965228,0.160565,2013,1456,3710,3077,-3289.7095
735,3505.1332,940,-122.9497,7,40.93443356,-103.8367376,-0.21423008,-0.2943097,0.14577812,1513,1128,2775,2338,-2459.1473
1024,5006.6033,1370,-130.7557,7,40.62759104,-104.0623562,-0.18381418,-0.25332004,0.14365624,2249,1684,3775,3262,-3303.8496
1271,5739.9345,1613,-72.2703,7,40.987499,-104.8511605,-0.11708757,-0.21252011,0.14797442,2692,1998,4145,3406,-3410.8931
1103,5325.286,1412,-96.8832,7,40.74165622,-104.2494322,-0.19279946,-0.26658514,0.16512871,2399,1719,4143,3545,-3677.291
1013,5057.4737,1370,150.2576,8,40.97307031,-104.1444824,-0.06540698,-0.15436462,0.19544503,2572,1731,3511,2932,-2858.3643
814,4560.414,1213,74.8017,8,39.70002369,-104.6566049,-0.09445338,-0.18042925,0.16978194,2253,1599,3245,2723,-2683.9374
853,4739.5109,1240,91.847,8,40.60916942,-104.7211465,-0.101504475,-0.17199017,0.17597209,2359,1653,3339,2892,-2810.1673
881,4510.1227,1208,-82.6753,8,39.95602336,-104.2577404,-0.16799672,-0.2667268,0.14761502,2033,1510,3512,2854,-3005.0782
2071,6727.3143,2539,-627.6914,8,40.5630151,-105.0342569,-0.049221575,-0.059427503,0.03156458,3023,2838,3405,3336,-2333.4463
713,3786.0821,1003,-57.3686,8,40.11252629,-104.0712281,-0.14531645,-0.29446185,0.14324416,1688,1265,3097,2262,-2545.0016
1132,6102.5161,1627,204.7912,8,40.75409201,-104.9686069,-0.042261995,-0.11407902,0.17447436,3184,2238,4004,3465,-3200.9023
982,5566.5187,1373,412.2329,8,39.59402438,-105.0330759,-0.028562102,-0.16662,0.24937028,2976,1788,4166,3151,-3350.1703
853,4643.7042,1300,139.6107,8,39.85962282,-104.3647012,-0.04678479,-0.12419974,0.18280633,2394,1654,3073,2629,-2451.951
502,3401.7125,876,582.606,8,40.11041708,-104.4088403,0.16280323,-0.004844291,0.33436435,2157,1076,2178,1553,-1513.0973
309,1248.1317,440,-39.5929,8,40.086005,-104.5058221,0.10163339,-0.01859337,0.08878924,607,508,630,495,-351.0463
992,5389.0489,1479,262.0046,8,39.72023764,-104.2039207,-0.032911394,-0.106502414,0.20886075,2865,1875,3548,3060,-2847.651
881,4257.2067,1229,-37.3661,8,40.47839172,-105.08872,-0.10059695,-0.17934234,0.14623837,2034,1515,2923,2489,-2380.6539
728,3829.9676,1056,-50.0314,8,39.95039097,-104.3554336,-0.101486415,-0.25657338,0.13023856,1753,1349,2963,2149,-2336.66
729,3988.1,1035,-36.2057,8,40.69423373,-104.823409,-0.17502838,-0.26645136,0.16362472,1817,1306,3137,2588,-2731.0817
640,3419.8401,866,201.6227,8,39.89776649,-103.988509,-0.068694286,-0.17644331,0.25468034,1776,1055,2537,2038,-2115.9746
686,4182.0523,931,355.354,8,40.43677944,-104.5605651,-0.06039983,-0.21275838,0.27946714,2209,1244,3403,2493,-2831.7034
1122,6084.0971,1561,340.5493,8,41.0287857,-104.4103382,-0.016458398,-0.14107001,0.20816174,3227,2115,4287,3335,-3356.2619
1098,5306.282,1558,-91.3866,8,40.52293684,-104.0882534,-0.089256495,-0.1891892,0.12483161,2505,1949,3674,2996,-2906.23
629,2917.3964,758,-133.3568,8,40.50455704,-104.2372108,-0.26992753,-0.32627472,0.1563845,1209,882,2380,2103,-2218.264
888,4980.7461,1355,369.576,8,39.88003387,-104.2111976,0.011202939,-0.08689884,0.23730338,2753,1697,3277,2692,-2544.1894
816,4263.3636,1066,159.9044,8,40.60846319,-104.139575,-0.10974053,-0.2408415,0.23517261,2093,1296,3421,2609,-2883.9537
648,4052.0552,978,403.2542,8,40.17585701,-104.8286359,0.0777326,-0.15157221,0.24475138,2253,1367,3058,1928,-2199.5258
590,3311.5209,930,13.0469,8,39.89960124,-104.6015662,-0.06465006,-0.22104223,0.14899817,1577,1168,2472,1795,-1907.1512
677,4299.8386,952,746.7456,8,40.19183019,-104.7070033,0.041847613,-0.09421658,0.39297968,2639,1150,3188,2427,-2604.681
781,4335.9266,1133,98.2031,8,39.76353554,-104.5722302,-0.08575058,-0.18002279,0.17752932,2159,1508,3107,2564,-2555.4888
977,5057.0398,1428,-47.2182,8,39.80290981,-104.3256232,-0.11814192,-0.1851977,0.14157197,2411,1813,3507,3057,-2921.2101
805,4388.8782,1232,60.9566,8,40.05672026,-104.8760685,-0.082372665,-0.15072745,0.1687133,2189,1557,2966,2582,-2430.7876
759,4334.9772,1105,336.4692,8,39.96487612,-104.0960616,-0.057781357,-0.14238593,0.27764127,2340,1323,3117,2627,-2638.2751
698,3933.1193,985,129.2397,8,39.90798564,-104.3137137,-0.1017964,-0.21132457,0.20705664,1950,1281,2995,2392,-2514.3624
253,857.2268,308,-39.9168,8,39.90828403,-104.839834,0.08130081,-0.03272727,0.106796116,399,322,426,339,-240.3239
681,3932.4771,961,396.0754,8,40.13434566,-105.0569301,0.013510419,-0.11462293,0.27734488,2213,1252,2786,2154,-2201.0355
829,4373.2698,1233,-70.0072,8,39.73699214,-104.6357648,-0.13522607,-0.19277582,0.13497102,2056,1567,3038,2699,-2567.5347
790,4560.3771,1129,208.8035,8,40.24080488,-104.8954844,-0.097205825,-0.21545827,0.23035666,2294,1435,3554,2788,-2994.968
693,3650.5042,944,439.0363,8,40.39961191,-104.8050909,0.061334644,-0.03415941,0.30027053,2163,1164,2316,1913,-1777.2366
745,3795.1907,1017,-41.9402,8,39.76655579,-104.7841207,-0.1666276,-0.20589548,0.15906128,1778,1290,2700,2489,-2392.53
782,4564.2365,1119,206.1691,8,39.87422647,-104.8399132,-0.12059158,-0.18958588,0.23416711,2319,1439,3404,2955,-2993.6771
790,4444.8228,1192,-7.3203,8,40.41003375,-104.9454312,-0.13735819,-0.19264315,0.15330444,2129,1563,3145,2807,-2705.1407
764,4276.0688,1142,101.8126,8,40.12055864,-105.0614956,-0.08168053,-0.15766823,0.17875719,2153,1500,2959,2536,-2441.2021
1023,5635.8594,1447,460.7887,8,40.72354833,-105.0446408,0.07221458,-0.12020316,0.22106913,3118,1989,3970,2698,-2837.4011
670,4370.3447,1017,842.6319,8,40.27978341,-104.5696999,0.075714014,-0.026370576,0.4044044,2806,1190,2958,2411,-2388.3901
831,4731.4258,1231,112.5022,8,39.88128513,-104.8641052,-0.12233944,-0.1645525,0.19325617,2371,1603,3305,3032,-2889.7852
855,4609.0976,1156,349.1584,8,40.6483784,-105.1027832,-0.002609918,-0.15265222,0.24730103,2484,1499,3379,2497,-2640.5308
620,3695.2979,934,351.6723,8,39.96533286,-104.6162897,0.008551185,-0.114733,0.2732881,2064,1178,2599,2029,-2053.9421
1224,5869.6854,1850,2.6792,8,40.47300562,-104.6417276,-0.01610253,-0.064082526,0.1332324,2994,2290,3404,3092,-2533.535
1307,5634.7463,1819,-63.7871,8,40.52220593,-104.9708403,0.0025,-0.08863636,0.11988829,2807,2206,3353,2793,-2376.3503
1473,6513.8778,2050,-246.9587,8,40.66848707,-104.1803312,-0.07337653,-0.13282572,0.08791792,3075,2578,4017,3562,-3078.0978
739,4831.8778,1161,668.6233,8,40.6297032,-104.8704039,0.028693637,-0.07068105,0.32720166,2886,1463,3325,2725,-2694.9384
1146,6348.1884,1723,79.6488,8,40.06341881,-104.6973526,-0.10100867,-0.15423684,0.16323529,3164,2276,4318,3875,-3632.7337
1040,5318.846,1598,-119.2452,8,40.68591527,-105.1319534,-0.114311114,-0.18740825,0.12460496,2491,1939,3640,3134,-2967.12
778,3977.7719,1011,100.5256,8,40.39896165,-105.0292243,-0.114597544,-0.21634132,0.20856611,1947,1275,3022,2451,-2562.4008
667,4701.697,1053,1098.0722,8,40.24734157,-104.1339361,0.15305199,-0.001255099,0.42863554,3183,1273,3191,2338,-2405.473
801,4656.233,1207,422.4842,8,40.21616965,-105.1416149,0.07434944,-0.11710794,0.23857144,2601,1599,3291,2241,-2366.1985
706,4214.6418,990,535.6668,8,40.11139145,-104.0645552,-0.00248139,-0.14010695,0.3418637,2412,1183,3198,2424,-2625.9435
861,4885.1045,1260,140.3228,8,39.8907354,-104.8556651,-0.11589225,-0.18145296,0.20265618,2445,1621,3529,3086,-3048.2554
947,4759.4604,1264,-42.2927,8,40.88349235,-104.885934,-0.15090004,-0.23060906,0.15589155,2217,1619,3546,3005,-3042.9174
689,4001.6436,1094,93.3878,8,40.05890355,-104.8975217,-0.08166969,-0.14309907,0.17845707,2024,1411,2700,2384,-2236.6033
883,5467.5489,1260,519.4442,8,40.37808188,-103.9916098,-0.016317785,-0.17603204,0.27249467,2984,1706,4259,3083,-3421.7637
1052,5344.9884,1487,-91.7859,8,40.18425073,-103.9560749,-0.15263519,-0.2210162,0.14391315,2476,1853,3881,3368,-3325.0071
803,4640.3915,1136,315.8638,8,40.54549262,-104.5779241,-0.036647175,-0.1576615,0.23611806,2471,1527,3396,2659,-2750.9779
697,4728.6188,1059,744.2037,8,40.17240481,-104.4847603,0.025228126,-0.08510298,0.3578199,2865,1355,3398,2724,-2803.6199
579,3561.4204,928,19.6109,8,40.32733894,-104.9737495,-0.13554217,-0.18811882,0.15764706,1722,1253,2520,2262,-2177.4835
655,3540.148,976,47.9305,8,39.70506819,-104.1991958,-0.09977035,-0.14368932,0.17404327,1764,1241,2356,2155,-1985.7147
733,4041.7297,1044,7.1312,8,39.87537342,-104.3782376,-0.15162216,-0.21358429,0.16697025,1922,1372,2966,2609,-2590.2639
982,5717.0083,1452,418.8498,8,40.48867117,-104.4359771,0.01741253,-0.11931258,0.21918876,3126,2002,3973,3019,-3031.4581
735,4880.1694,1074,609.0504,8,40.22083495,-103.8797085,0.05059244,-0.15003043,0.28709677,2793,1547,3779,2524,-2881.8991
840,4270.8095,1136,-12.013,8,40.58119094,-103.9467386,-0.13453904,-0.27090302,0.1692491,1962,1394,3420,2572,-2834.6604
981,6028.9706,1421,397.9568,8,40.16306358,-104.6641474,-0.11635002,-0.16190977,0.26153237,3186,1865,4417,4025,-3987.2244
723,4013.4126,943,331.024,8,40.01232988,-104.827288,-0.06416759,-0.20045215,0.29311395,2122,1160,3186,2413,-2673.4656
943,5031.2173,1397,97.7656,8,40.62881606,-104.6887845,-0.05484598,-0.16702533,0.16860195,2516,1790,3525,2808,-2779.0647
835,4436.7495,1200,-90.0364,8,40.01588821,-104.8603233,-0.18087235,-0.21435425,0.14166202,2047,1539,3164,2951,-2823.4402
706,3642.11,895,0.9874,8,40.6004509,-104.413764,-0.20057102,-0.2595857,0.19743407,1680,1126,2858,2523,-2613.1876
1195,6245.0736,1699,7.9713,8,40.87752079,-104.3251624,-0.11935953,-0.18397626,0.15634556,3025,2207,4389,3845,-3709.2374
666,4048.5244,919,343.6232,8,40.34706915,-105.0267292,-0.05170517,-0.19619545,0.27439386,2155,1227,3207,2390,-2654.4353
835,4384.4359,1092,269.6415,8,40.16687484,-105.2095087,-0.0343075,-0.19077197,0.23980424,2280,1398,3355,2442,-2669.5976
826,4445.3738,1208,59.9923,8,39.6227963,-104.4081173,-0.06755308,-0.19689694,0.16101469,2174,1571,3240,2489,-2559.3733
906,5325.186,1324,412.8318,8,41.06426462,-104.2811244,-0.04347826,-0.10792683,0.251497,2926,1750,3634,3192,-3052.0953
703,3732.0754,979,319.1521,8,40.13459577,-105.0889756,0.03081511,-0.10255301,0.25620836,2074,1228,2548,1950,-1941.4497
569,3325.2496,830,74.347,8,40.00640056,-104.3661545,-0.108333334,-0.23625982,0.18713018,1605,1099,2598,1995,-2153.811
1205,6020.9142,1696,-96.6206,8,40.62967332,-104.3212787,-0.13952078,-0.19173789,0.13890004,2837,2145,4183,3757,-3567.4793
625,3222.1024,918,-30.0995,8,39.82840748,-104.1353639,-0.10334528,-0.2254902,0.14755352,1501,1115,2375,1847,-1904.651
1200,6032.3111,1653,13.4222,8,40.77815702,-104.7538601,-0.111915536,-0.16976875,0.15791544,2944,2141,4148,3686,-3493.2699
778,4706.922,1144,381.5979,8,40.28475354,-104.6864859,-0.07050464,-0.14381608,0.2767768,2551,1445,3408,2938,-2942.3624
830,4258.9295,1161,-33.5916,8,40.75021368,-104.8488478,-0.09708079,-0.22749273,0.13481228,1995,1521,3170,2424,-2526.6737
1331,6494.173,1792,165.3813,8,40.59422169,-103.983406,-0.058439717,-0.13612701,0.18366618,3319,2289,4365,3731,-3526.7463
935,4912.7263,1439,-14.3244,8,40.36213052,-104.8663245,-0.06995568,-0.14173928,0.1349953,2413,1839,3210,2776,-2540.6383
760,3891.6199,1013,-69.2951,8,40.82405931,-104.9120069,-0.1764706,-0.29095757,0.15266667,1729,1271,3148,2470,-2694.2678
821,5026.0068,1221,572.0176,8,40.06823767,-104.6800929,-0.009958792,-0.10284736,0.30777955,2883,1526,3544,2941,-2939.0798
558,3913.0595,902,677.4341,8,40.21081864,-104.7354773,0.07107952,-0.084140554,0.37496436,2411,1096,2854,2091,-2242.3661
827,4825.228,1244,444.4836,8,40.53524911,-104.2195055,-0.02421395,-0.10044978,0.28296506,2700,1509,3303,2834,-2741.4967
673,3991.2185,969,238.2236,8,40.10643847,-104.4810343,-0.104542494,-0.19168139,0.2591687,2060,1212,3037,2541,-2642.1954
616,4510.2555,995,1479.4387,8,40.30025466,-104.7238327,0.26670328,0.11504995,0.5185429,3460,1097,2746,2003,-1928.7555
934,4875.3484,1317,-93.8685,8,40.53181163,-103.8972148,-0.1878629,-0.28660744,0.15966836,2168,1571,3910,3171,-3400.7375
767,4145.3611,1031,131.0365,8,40.25677959,-105.0665576,-0.12200389,-0.22743683,0.21992199,2033,1300,3230,2598,-2767.0075
782,4940.0325,1212,938.6746,8,39.93098559,-104.7014476,0.13587245,0.002501563,0.3721378,3206,1467,3190,2439,-2365.063
836,4326.2501,1288,237.3795,8,39.99075827,-105.1334173,0.059295587,-0.045591485,0.19697733,2376,1594,2603,2110,-1843.5782
819,4566.262,1264,106.4117,8,39.88603089,-104.400246,-0.05159705,-0.14396599,0.16851665,2316,1648,3095,2568,-2452.5451
757,3988.4954,1135,102.0862,8,39.91610277,-104.1893718,-0.032751612,-0.14785172,0.17821783,2023,1411,2725,2160,-2104.1699
772,4049.7882,1014,262.3083,8,40.6026782,-105.1282437,-0.044379365,-0.17981438,0.25243577,2121,1266,3051,2318,-2475.3861
636,3710.634,847,267.1159,8,40.27080378,-105.1071493,-0.10478413,-0.21746226,0.28595373,1918,1065,2984,2367,-2595.6262
562,2896.7199,730,168.854,9,40.39880535,-104.5261674,-0.08154506,-0.17714913,0.2652027,1498,870,2143,1764,-1818.0165
844,4530.7728,1177,243.5973,9,39.68251798,-104.6790812,-0.035837214,-0.14751163,0.22008711,2381,1522,3205,2558,-2566.4376
773,4829.4922,1077,439.8932,9,40.62263295,-105.1637515,-0.023876669,-0.19789897,0.2666504,2596,1503,3877,2723,-3112.9943
759,4161.3763,1022,194.4845,9,39.80451175,-104.6182365,-0.09003706,-0.22329736,0.23454599,2087,1294,3287,2500,-2740.328
912,4786.7416,1314,113.715,9,39.69907156,-104.2318073,-0.09325736,-0.17675461,0.19889502,2387,1595,3412,2878,-2846.9733
871,4214.9314,1121,112.346,9,39.56221952,-104.7938356,-0.09795479,-0.18877058,0.21238425,2095,1361,3070,2550,-2578.2149
668,3388.4267,861,-40.1608,9,40.36758394,-104.4348676,-0.20876221,-0.30360046,0.18873909,1499,1023,2806,2290,-2505.0914
1059,5430.4539,1479,88.6491,9,40.66773457,-103.7622371,-0.06811417,-0.20269664,0.17198855,2661,1880,4014,3050,-3182.5711
548,3192.6229,815,320.4837,9,39.51428696,-104.7496553,0.03604119,-0.08949221,0.27176967,1811,1037,2167,1685,-1666.2365
683,3574.7862,913,242.224,9,39.94690902,-105.1789858,-0.010432968,-0.15931752,0.24352671,1897,1154,2616,1937,-2045.1533
728,3449.1614,931,91.7441,9,39.76504342,-105.1455899,-0.057927657,-0.16730769,0.1953071,1732,1166,2428,1945,-1940.9496
452,2441.987,647,186.2459,9,41.15480712,-104.8740234,0.054502368,-0.10762032,0.23382625,1335,829,1657,1197,-1203.969
906,5018.9942,1252,125.4094,9,40.53047475,-105.1617559,-0.11039886,-0.18803835,0.18585332,2498,1715,3655,3118,-3114.8422
1075,4992.9994,1365,-43.6972,9,41.08082969,-104.9948809,-0.12704687,-0.23854868,0.15834166,2319,1685,3772,2994,-3125.38
508,2739.6812,877,-129.2687,9,40.26401313,-104.8612256,-0.10404004,-0.15309227,0.07692308,1253,1074,1706,1544,-1335.1713
803,4662.0039,1115,468.8212,9,40.67077101,-105.1400875,0.069624156,-0.14552912,0.2516222,2604,1557,3491,2265,-2546.1465
670,3882.8758,907,187.8694,9,40.30354958,-104.208058,-0.11767399,-0.24431373,0.24483204,1927,1169,3173,2441,-2719.9162
691,3774.9457,959,302.8668,9,39.96275314,-105.2366341,0.006159152,-0.15111203,0.25661537,2042,1208,2769,2017,-2146.7588
582,3456.0157,889,316.7073,9,40.57750114,-105.3887218,-0.010841507,-0.117660604,0.28117687,1916,1075,2427,1958,-1961.6659
764,4384.019,1079,584.518,9,39.68023752,-105.0694991,0.09140347,-0.07301474,0.3028714,2609,1396,3020,2172,-2232.6197
429,3852.34,622,828.1245,9,39.93278319,-104.7800883,0.085445166,-0.15102613,0.40208575,2420,1032,3281,2039,-2578.7551
775,3857.499,967,133.3327,9,40.40044425,-104.5303983,-0.11286944,-0.21805128,0.23086858,1906,1191,2969,2391,-2532.7999
646,3556.1156,884,184.905,9,40.41136228,-104.5575483,-0.08086185,-0.19938177,0.24178082,1813,1107,2716,2132,-2266.8175
666,3309.6541,772,595.7292,9,40.15697691,-105.1418441,0.13717052,-0.006345476,0.36872774,2114,975,2141,1604,-1575.9357
730,4260.9942,1095,530.2093,9,40.10999148,-104.73094,0.1255814,-0.045275223,0.27113557,2541,1457,2782,1974,-1940.8729
537,3299.0836,861,401.2146,9,40.52003503,-104.9464045,0.10210877,0.001765448,0.26779446,1986,1147,1979,1618,-1427.3923
552,3016.357,795,144.8558,9,40.30777461,-104.2334275,-0.043344606,-0.16299085,0.22087093,1556,993,2162,1697,-1728.2594
832,4363.2316,1132,3.6234,9,40.34318674,-104.4202358,-0.14261496,-0.26221737,0.17207415,2023,1429,3461,2696,-2918.7966
635,3428.1838,873,322.0689,9,40.36157529,-104.4221982,0.013553016,-0.11815029,0.27986577,1907,1073,2418,1856,-1896.8275
766,3787.0839,1031,191.3252,9,39.83138828,-105.2365334,-0.005232993,-0.12952463,0.21485089,1996,1290,2590,2017,-1990.4952
440,2013.8407,621,34.5531,9,40.35887335,-104.7108745,0.03267974,-0.0899424,0.16572078,1027,735,1230,962,-858.3664
690,3866.3964,979,237.6076,9,40.00933763,-104.6005774,-0.039486203,-0.17809892,0.2386503,2019,1241,2894,2185,-2322.6215
596,3373.8787,822,234.1208,9,39.97850738,-105.19523,-0.04941939,-0.1957962,0.25939178,1760,1035,2617,1943,-2130.7149
675,3678.354,930,94.0723,9,40.33169246,-104.3924341,-0.11607362,-0.21542148,0.20347477,1801,1192,2790,2274,-2368.4813
687,3531.0991,945,139.8034,9,40.57193564,-105.0278817,-0.0488959,-0.15938662,0.21003345,1809,1181,2495,1995,-1998.5492
726,3857.9492,974,103.3712,9,40.21405477,-104.904692,-0.14233825,-0.21373568,0.22304954,1889,1200,2916,2516,-2573.8495
1103,5155.6673,1534,-124.0982,9,40.54572212,-105.0144078,-0.11516035,-0.16963065,0.12511584,2428,1888,3420,3060,-2811.4194
413,1851.0206,596,369.58,9,39.66938865,-105.275854,0.3964111,0.22753346,0.35443038,1284,612,808,555,-330.2924
2353,7580.9322,2510,-248.2526,9,39.64901745,-104.0767616,-0.021841083,-0.10209102,0.12255882,3650,2853,4480,3813,-3238.7941
610,3403.2575,777,220.7653,9,40.29344189,-104.8368105,-0.1006192,-0.21838565,0.27040815,1743,1001,2717,2133,-2336.4099
821,4146.1823,1051,71.143,9,40.36161446,-105.1104729,-0.14777371,-0.24041411,0.2123623,1981,1287,3235,2668,-2819.4868
556,3614.4595,837,684.3512,9,39.85939899,-104.3250706,0.12870802,-0.044019934,0.37679425,2302,1042,2514,1777,-1870.2854
676,3946.5377,973,212.3463,9,40.3176123,-104.0984362,-0.07001382,-0.20102888,0.23147301,2019,1260,3035,2323,-2497.3204
786,4212.8555,1015,125.8172,9,40.3258748,-104.1184547,-0.15623705,-0.24787588,0.23431343,2036,1263,3378,2790,-2997.7133
563,3445.548,844,293.9965,9,40.21350911,-104.8986994,-0.010832232,-0.15178975,0.26060605,1872,1098,2542,1913,-2020.9
690,3565.9808,935,260.4192,9,40.27220154,-105.0274054,0.053090118,-0.131177,0.2279365,1934,1216,2518,1739,-1827.7866
774,4472.7716,1068,365.8354,9,40.53165946,-104.4979584,-0.035792843,-0.16357328,0.26428947,2411,1403,3354,2590,-2744.6736
243,1070.2717,311,54.7083,9,39.53049943,-105.0365365,0.11285574,-0.06358381,0.21413276,567,367,644,452,-414.7448
839,3943.0558,1026,12.7084,9,40.42287543,-104.6020319,-0.15813528,-0.24770267,0.19804879,1842,1233,3055,2534,-2660.2949
1396,6247.8012,1981,-103.9461,9,40.33416167,-103.9459984,-0.057522126,-0.16820084,0.1340559,2982,2277,4188,3346,-3187.6919
990,5075.9197,1375,102.4421,9,40.35266901,-105.2842709,-0.095263824,-0.1858694,0.19136827,2512,1705,3659,3041,-3041.9352
676,3833.5505,1016,302.0156,9,39.89880952,-104.6071857,0.06514575,-0.12476567,0.22721963,2101,1323,2700,1844,-1937.7014
722,4264.3829,1060,408.1501,9,40.16260937,-104.8262032,0.04673311,-0.14492491,0.25858855,2363,1392,3164,2152,-2362.5778
692,3148.3661,951,164.1981,9,39.84832943,-105.1166593,0.1014218,-0.008532424,0.18813907,1743,1191,1773,1422,-1169.3337
252,929.2798,337,-56.9841,9,40.33760838,-104.2920734,-0.011904762,-0.085903086,0.09933775,415,340,493,425,-324.2263
376,2128.2829,540,266.8379,9,40.63487252,-105.2670168,0.07022835,-0.0741707,0.31707317,1242,644,1441,1079,-1086.1398
624,3443.9259,865,238.1933,9,40.25266259,-104.862307,-0.039271783,-0.13448922,0.24839473,1847,1112,2421,1998,-1985.3788
989,5462.7447,1388,471.6908,9,40.97026871,-105.3628503,0.052977838,-0.114443794,0.23567656,3041,1881,3827,2735,-2824.7489
718,3230.5377,970,180.2425,9,39.71075889,-105.101378,0.060714286,-0.025430681,0.21348314,1782,1155,1875,1578,-1333.2533
608,3847.7317,909,432.6897,9,40.25350504,-104.6301884,0.07163886,-0.1338489,0.26645404,2184,1265,2859,1892,-2103.0785
771,3949.2581,1021,58.4151,9,40.71028735,-105.0787274,-0.0923114,-0.24634781,0.17945506,1883,1310,3114,2266,-2508.0927
669,3367.7661,943,238.2353,9,40.18856124,-105.1708087,0.05060786,-0.07539189,0.23087116,1858,1161,2161,1679,-1580.4423
136,659.3137,368,-119.974,9,40.06594827,-105.080795,0.074157305,-0.044,-0.06640625,239,273,261,206,-79.9175
1017,5082.7106,1351,247.6694,9,41.02566331,-104.9081706,0.01163456,-0.15889628,0.19918607,2652,1771,3654,2591,-2724.3165
548,3056.4577,689,316.5323,9,40.55523656,-105.2234707,-0.03739931,-0.17423494,0.3168044,1673,868,2379,1803,-1982.3678
707,3910.3976,944,158.3079,9,40.21567322,-104.9008115,-0.122838944,-0.23749259,0.23748395,1928,1188,3129,2468,-2691.332
771,3905.5108,1025,244.3215,9,39.4943303,-104.4493306,-0.015828017,-0.13460739,0.23730324,2083,1284,2731,2150,-2155.7268
644,3675.5337,939,197.2797,9,40.34737687,-104.7663838,-0.08563205,-0.16495071,0.24331376,1906,1160,2659,2263,-2266.311
887,3325.5464,1492,-532.9877,9,40.53295307,-104.4848426,0.018469658,-0.047921073,-0.08962264,1351,1617,1487,1302,-710.6868
674,3565.482,908,185.5823,9,40.26214085,-105.1212479,-0.029858565,-0.16614138,0.21642037,1852,1193,2590,1966,-2041.2643
1613,5584.3502,1705,-10.6054,9,39.62852831,-105.1529938,-0.002476123,-0.08232997,0.15196079,2820,2076,3326,2834,-2436.2877
732,4049.1074,989,296.4496,9,40.38683386,-104.5071648,-0.04825144,-0.17084458,0.26210743,2150,1257,3036,2368,-2500.4374
764,4154.4314,1054,368.7482,9,40.61053951,-105.104853,0.036437247,-0.12111387,0.25353646,2304,1372,2939,2142,-2221.6737
888,5023.4563,1380,145.0841,9,41.02274527,-105.241101,-0.05873606,-0.17376408,0.18622628,2532,1737,3597,2848,-2871.2234
1075,5245.3405,1423,683.5553,9,39.60727179,-105.0246952,0.15027963,-0.011472868,0.29094958,3188,1751,3262,2355,-2220.3958
889,4674.1248,1276,15.2823,9,39.83743478,-104.8189613,-0.1168932,-0.17444183,0.16079633,2274,1644,3235,2876,-2738.3078
552,3138.7255,765,214.2123,9,40.25450135,-104.1518356,-0.061643835,-0.18147871,0.2612198,1644,963,2373,1860,-1971.3447
613,3582.9439,933,228.5725,9,40.24706044,-104.6436271,-0.014755371,-0.14682807,0.22853453,1903,1195,2558,1960,-2004.4489
939,5024.8658,1325,288.3713,9,39.96439387,-105.2271555,0.031383187,-0.15019952,0.20045096,2662,1773,3603,2500,-2639.1654
931,4602.7194,1215,199.342,9,40.20623863,-105.062983,-0.05903399,-0.16478476,0.2223083,2367,1506,3301,2664,-2692.0876
568,3401.7355,841,351.4661,9,40.39006041,-104.5032531,0.04818949,-0.10941476,0.26728112,1925,1113,2398,1748,-1810.7228
831,4872.2072,1210,228.5652,9,40.80341103,-105.1812665,-0.052966498,-0.15946844,0.19706647,2530,1697,3490,2813,-2828.7382
714,3915.1107,964,266.5029,9,40.29534549,-104.8452774,-0.0633771,-0.16572581,0.26043254,2069,1214,2891,2349,-2423.6076
727,3821.6544,990,228.1544,9,39.94890143,-105.0936513,-0.049406175,-0.1641604,0.24789523,2001,1206,2787,2209,-2276.2343
610,3077.668,825,164.3701,9,40.27710486,-103.8304367,0.008601465,-0.18903689,0.2252322,1583,1001,2321,1556,-1732.5741
573,3123.3736,760,300.8833,9,40.05413066,-105.2274531,0.005570214,-0.15350445,0.2889891,1715,946,2337,1696,-1841.0302
838,4513.2114,1191,364.3719,9,40.54815519,-104.9924415,0.10884052,-0.118021205,0.21430309,2496,1615,3164,2006,-2150.494
618,3742.9546,924,155.2011,9,40.22453745,-104.84967,-0.1100071,-0.20195164,0.22182527,1881,1198,2833,2346,-2429.4777
672,3712.4894,913,285.5076,9,40.39988061,-104.5247458,-0.05932809,-0.17250052,0.28098637,1974,1108,2797,2223,-2344.7721
988,5464.0936,1343,280.8758,9,39.95518872,-104.7652651,-0.08181669,-0.19586444,0.23185217,2800,1746,4164,3299,-3486.532
914,4588.4214,1267,311.7445,9,40.04290451,-105.1500476,0.087031454,-0.09146561,0.20602295,2523,1661,3031,2119,-2093.1691
785,4600.9971,1136,477.6222,9,40.60915744,-104.8654789,0.09440267,-0.10944936,0.24554314,2620,1587,3264,2168,-2318.7689
656,3787.485,983,288.3509,9,39.80250664,-104.7843587,0.028741328,-0.11338885,0.2287659,2076,1303,2607,1960,-1963.8431
701,3782.3158,1019,261.2961,9,39.6304019,-104.8334851,0.03890854,-0.11360207,0.2230815,2056,1306,2583,1902,-1905.8857
1072,5464.8988,1558,117.5845,9,40.765683,-105.0891009,-0.016990716,-0.11719365,0.15759076,2806,2042,3551,2903,-2690.4839
636,3779.8581,911,404.5354,9,39.99637283,-105.1791148,0.009985735,-0.13306123,0.29354447,2124,1160,2776,2082,-2205.0787
768,3837.3755,1029,198.3046,9,39.68750144,-105.1132394,-0.023052657,-0.14176081,0.22370821,2013,1277,2678,2108,-2106.9633
1277,3594.895,1166,465.6622,9,39.85467949,-105.3288502,0.40789473,0.24946922,0.26866072,2354,1357,1414,990,-450.0107
970,4889.6403,1511,-105.5024,9,40.08543528,-104.9780653,-0.06566456,-0.12486106,0.10580524,2362,1910,3036,2694,-2342.8524
1183,6559.9746,1703,548.3029,9,41.11203296,-104.5307239,0.07162655,-0.09721027,0.22128013,3673,2342,4464,3182,-3206.8508
